article_id,slug,title,status,live_url,old_wp_category,primary_topic,secondary_topics,locations,confidence,reason,decision,notes
813,prepare-your-home-plumbing-for-the-chicago-cold-snap,Prepare Your Home Plumbing for the Chicago Cold Snap,published,https://jblantonplumbing.com/knowledge-hub/prepare-your-home-plumbing-for-the-chicago-cold-snap,plumbing,Plumbing Tips,,Chicagoland,High,"Old WP category 'plumbing'. Location: Chicagoland (title ('Chicago' → region), High)",approve,
812,brown-friday-plumbing-drain-clog-emergency,It's Brown Friday: Is Your Plumbing Paying the Price for Yesterday's Feast?,published,https://jblantonplumbing.com/knowledge-hub/brown-friday-plumbing-drain-clog-emergency,drain,Drains,,,High,Old WP category 'drain',approve,
811,sewer-replacement-old-homes-chicagoland,Is Your Old House Sewer a Ticking Time Bomb? Why Chicagoland Homeowners Should Consider Replacement,published,https://jblantonplumbing.com/knowledge-hub/sewer-replacement-old-homes-chicagoland,sewer maintenance,Sewers,,Chicagoland,High,"Old WP category 'sewer maintenance'. Location: Chicagoland (title ('Chicago' → region), High)",approve,
810,unclogs-for-dogs-campaign-making-bigger-impact,"How Our ""Unclogs for Dogs"" Campaign Is Making a Bigger Impact Than Ever",published,https://jblantonplumbing.com/knowledge-hub/unclogs-for-dogs-campaign-making-bigger-impact,drain,Drains,,,High,Old WP category 'drain'. CHECK: the title reads like Company News ('campaign'),approve,
809,2025-best-restaurants-of-evanston-curated-by-j-blanton-plumbing,2025 Best Restaurants of Evanston — Curated by J Blanton Plumbing,published,https://jblantonplumbing.com/knowledge-hub/2025-best-restaurants-of-evanston-curated-by-j-blanton-plumbing,evanston; Uncategorized,Company News,Commercial,Evanston,Medium,"Title/slug mentions 'curated by' ×2 (announcement). Location: Evanston (old WP category 'evanston', High)",approve,
808,2025-best-restaurants-of-northbrook-curated-by-j-blanton-plumbing,2025 Best Restaurants of Northbrook — Curated by J Blanton Plumbing,published,https://jblantonplumbing.com/knowledge-hub/2025-best-restaurants-of-northbrook-curated-by-j-blanton-plumbing,northbrook; Uncategorized,Company News,Commercial,Northbrook,Medium,"Title/slug mentions 'curated by' ×2 (announcement). Location: Northbrook (old WP category 'northbrook', High)",approve,
807,2025-best-home-service-companies-of-evanston-chosen-by-j-blanton-plumbing,2025 Best Home Service Companies of Evanston — Chosen by J Blanton Plumbing,published,https://jblantonplumbing.com/knowledge-hub/2025-best-home-service-companies-of-evanston-chosen-by-j-blanton-plumbing,evanston; Uncategorized,Company News,,Evanston,Low,"Title/slug mentions 'chosen by' ×2 (announcement). Locations: Evanston (old WP category 'evanston', High); Chicagoland (body only, Low)",approve,Removed weak location(s): Chicagoland (body-only or ambiguous) — Marketing decision 2026-09-24
806,dont-let-flooding-catch-you-off-guard-tips-for-chicago-homeowners-after-torrential-rain,Don't Let Flooding Catch You Off Guard: Tips for Chicago Homeowners After Torrential Rain,published,https://jblantonplumbing.com/knowledge-hub/dont-let-flooding-catch-you-off-guard-tips-for-chicago-homeowners-after-torrential-rain,emergency plumbing,Emergency,,Chicagoland,High,"Old WP category 'emergency plumbing'. Location: Chicagoland (title ('Chicago' → region), High)",approve,
805,unclog-your-drain-fill-a-dogs-bowl-j-blanton-plumbing-launches-unclogs-for-dogs-charity-campaign,"Unclog Your Drain, Fill a Dog’s Bowl: J Blanton Plumbing Launches “Unclogs for Dogs” Charity Campaign",published,https://jblantonplumbing.com/knowledge-hub/unclog-your-drain-fill-a-dogs-bowl-j-blanton-plumbing-launches-unclogs-for-dogs-charity-campaign,Uncategorized,Company News,Drains,,Low,"Title/slug mentions 'charity' ×2 (announcement). Location: Chicagoland (body only, Low)",approve,Removed weak location(s): Chicagoland (body-only or ambiguous) — Marketing decision 2026-09-24
804,20251-best-home-service-companies-of-northbrook-chosen-by-j-blanton-plumbing,2025 Best Home Service Companies of Northbrook — Chosen by J Blanton Plumbing.,published,https://jblantonplumbing.com/knowledge-hub/20251-best-home-service-companies-of-northbrook-chosen-by-j-blanton-plumbing,northbrook; Uncategorized,Company News,,Northbrook,Low,"Title/slug mentions 'chosen by' ×2 (announcement). Locations: Northbrook (old WP category 'northbrook', High); Chicagoland (body only, Low)",approve,Removed weak location(s): Chicagoland (body-only or ambiguous) — Marketing decision 2026-09-24
803,bathroom-remodeling-in-chicago-beauty-function-and-craftsmanship-you-can-trust,"🛁 Bathroom Remodeling in Chicago: Beauty, Function, and Craftsmanship You Can Trust",published,https://jblantonplumbing.com/knowledge-hub/bathroom-remodeling-in-chicago-beauty-function-and-craftsmanship-you-can-trust,bathroom plumbing; northbrook,Plumbing Tips,,Northbrook; Chicagoland,High,"Old WP category 'bathroom plumbing'. Locations: Northbrook (old WP category 'northbrook', High); Chicagoland (title ('Chicago' → region), High)",approve,
802,real-stories-real-solutions-why-homeowners-trust-j-blanton-for-trenchless-sewer-repair,"Real Stories, Real Solutions: Why Homeowners Trust J Blanton for Trenchless Sewer Repair",published,https://jblantonplumbing.com/knowledge-hub/real-stories-real-solutions-why-homeowners-trust-j-blanton-for-trenchless-sewer-repair,evanston; trenchless sewer repair,Sewers,,Evanston,Low,"Old WP category 'trenchless sewer repair'. Locations: Evanston (old WP category 'evanston', High); Morton Grove (body only, Low); Chicagoland (body only, Low)",approve,Removed weak location(s): Morton Grove; Chicagoland (body-only or ambiguous) — Marketing decision 2026-09-24
801,45702-why-professional-sewage-line-backup-services-are-essential-for-home-safety-and-efficiency,Why Professional Sewage Line Backup Services Are Essential for Home Safety and Efficiency,published,https://jblantonplumbing.com/knowledge-hub/45702-why-professional-sewage-line-backup-services-are-essential-for-home-safety-and-efficiency,Uncategorized,Sewers,,,Low,"Title/slug mentions 'sewage' ×2. Location: Chicagoland (body only, Low)",approve,Removed weak location(s): Chicagoland (body-only or ambiguous) — Marketing decision 2026-09-24
800,45702-gas-lines-and-home-renovations-6-key-considerations-for-a-safe-and-efficient-upgrade,Gas Lines and Home Renovations: 6 Key Considerations for a Safe and Efficient Upgrade,published,https://jblantonplumbing.com/knowledge-hub/45702-gas-lines-and-home-renovations-6-key-considerations-for-a-safe-and-efficient-upgrade,gas lines,Gas Lines,,,Low,"Old WP category 'gas lines'. Locations: Evanston (body only, Low); Chicagoland (body only, Low)",approve,Removed weak location(s): Evanston; Chicagoland (body-only or ambiguous) — Marketing decision 2026-09-24
799,45701-save-water-save-money-the-impact-of-expert-plumbing-repairs-on-efficiency,"Save Water, Save Money: The Impact of Expert Plumbing Repairs on Efficiency",published,https://jblantonplumbing.com/knowledge-hub/45701-save-water-save-money-the-impact-of-expert-plumbing-repairs-on-efficiency,Uncategorized,Plumbing Tips,,,Low,"Body mentions 'leaks' ×10 (first 500 words; 41 topic words in all). Location: Chicagoland (body only, Low)",approve,Removed weak location(s): Chicagoland (body-only or ambiguous) — Marketing decision 2026-09-24
798,45701-why-you-should-replace-a-water-heater-before-it-fails-and-how-it-saves-you-money,Why You Should Replace a Water Heater Before It Fails—And How It Saves You Money,published,https://jblantonplumbing.com/knowledge-hub/45701-why-you-should-replace-a-water-heater-before-it-fails-and-how-it-saves-you-money,water heater installation,Water Heaters,,,High,Old WP category 'water heater installation',approve,
797,45701-same-day-plumbing-help-a-homeowners-guide-to-finding-the-right-plumber-fast,Same-Day Plumbing Help: A Homeowner’s Guide to Finding the Right Plumber Fast,published,https://jblantonplumbing.com/knowledge-hub/45701-same-day-plumbing-help-a-homeowners-guide-to-finding-the-right-plumber-fast,Uncategorized,Emergency,,,Low,"Body mentions 'emergency' ×5 (first 500 words; 6 topic words in all). Location: Chicagoland (body only, Low)",approve,Removed weak location(s): Chicagoland (body-only or ambiguous) — Marketing decision 2026-09-24
796,45700-holiday-plumbing-crisis-averted-a-case-study-in-professional-drain-cleaning,Holiday Plumbing Crisis Averted: A Case Study in Professional Drain Cleaning,published,https://jblantonplumbing.com/knowledge-hub/45700-holiday-plumbing-crisis-averted-a-case-study-in-professional-drain-cleaning,Uncategorized,Drains,,,Low,"Title/slug mentions 'drain' ×2. Locations: Arlington Heights (body only, Low); Chicagoland (body only, Low)",approve,Removed weak location(s): Arlington Heights; Chicagoland (body-only or ambiguous) — Marketing decision 2026-09-24
795,45700-breaking-down-gas-line-installation-expenses-what-you-need-to-know,Gas Line Installation Costs: A Clear Guide for Homeowners,published,https://jblantonplumbing.com/knowledge-hub/45700-breaking-down-gas-line-installation-expenses-what-you-need-to-know,gas line installation,Gas Lines,,,High,Old WP category 'gas line installation',approve,
794,45700-dont-let-winter-plumbing-issues-spiral-when-to-call-a-plumber-immediately,Don’t Let Winter Plumbing Issues Spiral: When to Call a Plumber Immediately,published,https://jblantonplumbing.com/knowledge-hub/45700-dont-let-winter-plumbing-issues-spiral-when-to-call-a-plumber-immediately,Uncategorized,Plumbing Tips,,,Low,"Body mentions 'pipes' ×5 (first 500 words; 12 topic words in all). Location: Chicagoland (body only, Low)",approve,Removed weak location(s): Chicagoland (body-only or ambiguous) — Marketing decision 2026-09-24
793,45699-7-essential-plumbing-maintenance-tips-to-winter-proof-your-home,7 Essential Plumbing Maintenance Tips to Winter-Proof Your Home,published,https://jblantonplumbing.com/knowledge-hub/45699-7-essential-plumbing-maintenance-tips-to-winter-proof-your-home,Uncategorized,Plumbing Tips,,,Low,"Title/slug mentions 'maintenance' ×2. Location: Chicagoland (body only, Low)",approve,Removed weak location(s): Chicagoland (body-only or ambiguous) — Marketing decision 2026-09-24
792,45699-5-reasons-why-professional-bathroom-plumbing-inspections-are-a-must-for-your-home,5 Reasons Why Professional Bathroom Plumbing Inspections Are a Must for Your Home,published,https://jblantonplumbing.com/knowledge-hub/45699-5-reasons-why-professional-bathroom-plumbing-inspections-are-a-must-for-your-home,bathroom plumbing,Plumbing Tips,,,Low,"Old WP category 'bathroom plumbing'. Location: Chicagoland (body only, Low)",approve,Removed weak location(s): Chicagoland (body-only or ambiguous) — Marketing decision 2026-09-24
791,45699-how-anode-rods-protect-your-water-heater-the-key-to-long-lasting-performance,How Anode Rods Protect Your Water Heater: The Key to Long-Lasting Performance,published,https://jblantonplumbing.com/knowledge-hub/45699-how-anode-rods-protect-your-water-heater-the-key-to-long-lasting-performance,water heater maintenance,Water Heaters,,,Low,"Old WP category 'water heater maintenance'. Locations: Evanston (body only, Low); Chicagoland (body only, Low)",approve,Removed weak location(s): Evanston; Chicagoland (body-only or ambiguous) — Marketing decision 2026-09-24
790,45698-why-professional-gas-line-installation-matters-top-5-reasons-to-upgrade-today,Why Professional Gas Line Installation Matters: Top 5 Reasons to Upgrade Today,published,https://jblantonplumbing.com/knowledge-hub/45698-why-professional-gas-line-installation-matters-top-5-reasons-to-upgrade-today,gas line installation,Gas Lines,,,Low,"Old WP category 'gas line installation'. Locations: Hinsdale (body only, Low); Chicagoland (body only, Low)",approve,Removed weak location(s): Hinsdale; Chicagoland (body-only or ambiguous) — Marketing decision 2026-09-24
789,45698-from-leaks-to-burst-pipes-how-a-24-hour-plumber-handles-urgent-repairs,From Leaks to Burst Pipes: How a 24 Hour Plumber Handles Urgent Repairs,published,https://jblantonplumbing.com/knowledge-hub/45698-from-leaks-to-burst-pipes-how-a-24-hour-plumber-handles-urgent-repairs,emergency plumbing,Emergency,,,Low,"Old WP category 'emergency plumbing'. Locations: Elgin (body only, Low); Chicagoland (body only, Low)",approve,Removed weak location(s): Elgin; Chicagoland (body-only or ambiguous) — Marketing decision 2026-09-24
788,45698-preventing-gas-line-issues-in-winter-why-proper-installation-matters,Preventing Gas Line Issues in Winter: Why Proper Installation Matters,published,https://jblantonplumbing.com/knowledge-hub/45698-preventing-gas-line-issues-in-winter-why-proper-installation-matters,gas line installation,Gas Lines,,,Low,"Old WP category 'gas line installation'. Locations: Algonquin (body only, Low); Chicagoland (body only, Low)",approve,Removed weak location(s): Algonquin; Chicagoland (body-only or ambiguous) — Marketing decision 2026-09-24
787,45695-how-to-spot-overhead-sewer-system-issues-before-they-cause-major-damage,How to Spot Overhead Sewer System Issues Before They Cause Major Damage,published,https://jblantonplumbing.com/knowledge-hub/45695-how-to-spot-overhead-sewer-system-issues-before-they-cause-major-damage,overhead sewer systems,Sewers,,,Low,"Old WP category 'overhead sewer systems'. Location: Chicagoland (body only, Low)",approve,Removed weak location(s): Chicagoland (body-only or ambiguous) — Marketing decision 2026-09-24
786,45695-hot-water-without-limits-a-households-success-story-with-a-tankless-water-heate,Hot Water Without Limits: A Household’s Success Story with a Tankless Water Heate,published,https://jblantonplumbing.com/knowledge-hub/45695-hot-water-without-limits-a-households-success-story-with-a-tankless-water-heate,tankless water heater,Water Heaters,,,Low,"Old WP category 'tankless water heater'. Location: Chicagoland (body only, Low)",approve,Removed weak location(s): Chicagoland (body-only or ambiguous) — Marketing decision 2026-09-24
785,45695-frozen-pipes-clogs-and-more-when-to-call-a-plumber-this-winter,"Frozen Pipes, Clogs and More: When to Call a Plumber This Winter",published,https://jblantonplumbing.com/knowledge-hub/45695-frozen-pipes-clogs-and-more-when-to-call-a-plumber-this-winter,Uncategorized,Drains,Emergency; Plumbing Tips,,Low,"Title/slug mentions 'clogs' ×2. Locations: Naperville (body only, Low); Chicagoland (body only, Low)",approve,Removed weak location(s): Naperville; Chicagoland (body-only or ambiguous) — Marketing decision 2026-09-24
784,45694-winter-weather-and-your-drain-basin-why-maintenance-is-critical,Winter Weather and Your Drain Basin: Why Maintenance is Critical,published,https://jblantonplumbing.com/knowledge-hub/45694-winter-weather-and-your-drain-basin-why-maintenance-is-critical,Uncategorized,Drains,Plumbing Tips,,Low,"Title/slug mentions 'drain' ×2. Locations: McHenry (body only, Low); Chicagoland (body only, Low)",approve,Removed weak location(s): McHenry; Chicagoland (body-only or ambiguous) — Marketing decision 2026-09-24
783,45694-say-goodbye-to-cold-showers-5-reasons-to-switch-to-an-on-demand-water-heater,Say Goodbye to Cold Showers: 5 Reasons to Switch to an On Demand Water Heater,published,https://jblantonplumbing.com/knowledge-hub/45694-say-goodbye-to-cold-showers-5-reasons-to-switch-to-an-on-demand-water-heater,residential water heater,Water Heaters,,,Low,"Old WP category 'residential water heater'. Location: Chicagoland (body only, Low)",approve,Removed weak location(s): Chicagoland (body-only or ambiguous) — Marketing decision 2026-09-24
782,45694-maximizing-your-water-heaters-lifespan-the-importance-of-timely-hot-water-repair,Maximizing Your Water Heater’s Lifespan: The Importance of Timely Hot Water Repair,published,https://jblantonplumbing.com/knowledge-hub/45694-maximizing-your-water-heaters-lifespan-the-importance-of-timely-hot-water-repair,water heater repair,Water Heaters,,,Low,"Old WP category 'water heater repair'. Locations: Evanston (body only, Low); Chicagoland (body only, Low)",approve,Removed weak location(s): Evanston; Chicagoland (body-only or ambiguous) — Marketing decision 2026-09-24
781,45693-small-leaks-big-costs-why-homeowners-should-never-ignore-plumbing-repairs,"Small Leaks, Big Costs: Why Homeowners Should Never Ignore Plumbing Repairs",published,https://jblantonplumbing.com/knowledge-hub/45693-small-leaks-big-costs-why-homeowners-should-never-ignore-plumbing-repairs,Uncategorized,Plumbing Tips,,,Low,"Title/slug mentions 'leaks' ×2. Location: Chicagoland (body only, Low)",approve,Removed weak location(s): Chicagoland (body-only or ambiguous) — Marketing decision 2026-09-24
780,45693-the-connection-between-hot-water-and-happy-customers-commercial-water-heater-insights-for-local-businesses,The Connection Between Hot Water and Happy Customers: Commercial Water Heater Insights for Local Businesses,published,https://jblantonplumbing.com/knowledge-hub/45693-the-connection-between-hot-water-and-happy-customers-commercial-water-heater-insights-for-local-businesses,commercial water heater,Commercial,Water Heaters,,Low,"Old WP category 'commercial water heater'. Locations: Elgin (body only, Low); Chicagoland (body only, Low)",approve,Removed weak location(s): Elgin; Chicagoland (body-only or ambiguous) — Marketing decision 2026-09-24
779,45693-case-study-how-a-timely-shower-repair-saved-a-bathroom-remodel-from-costly-water-damage,Case Study: How a Timely Shower Repair Saved a Bathroom Remodel from Costly Water Damage,published,https://jblantonplumbing.com/knowledge-hub/45693-case-study-how-a-timely-shower-repair-saved-a-bathroom-remodel-from-costly-water-damage,shower repair,Plumbing Tips,,,Low,"Old WP category 'shower repair'. Locations: Algonquin (body only, Low); Chicagoland (body only, Low)",approve,Removed weak location(s): Algonquin; Chicagoland (body-only or ambiguous) — Marketing decision 2026-09-24
778,45692-avoid-frozen-pipe-disasters-the-importance-of-insulation-for-your-plumbing,Avoid Frozen Pipe Disasters: The Importance of Insulation for Your Plumbing,published,https://jblantonplumbing.com/knowledge-hub/45692-avoid-frozen-pipe-disasters-the-importance-of-insulation-for-your-plumbing,burst pipe repair,Emergency,,,High,Old WP category 'burst pipe repair',approve,
777,45692-emergency-plumbing-services-how-one-homeowner-avoided-a-winter-disaster,Emergency Plumbing Services: How One Homeowner Avoided a Winter Disaster,published,https://jblantonplumbing.com/knowledge-hub/45692-emergency-plumbing-services-how-one-homeowner-avoided-a-winter-disaster,Uncategorized,Emergency,,,Low,"Title/slug mentions 'emergency' ×2. Location: Chicagoland (body only, Low)",approve,Removed weak location(s): Chicagoland (body-only or ambiguous) — Marketing decision 2026-09-24
776,45692-how-freezing-temps-can-lead-to-basement-flooding-and-how-to-stop-it,How Freezing Temps Can Lead to Basement Flooding—and How to Stop It,published,https://jblantonplumbing.com/knowledge-hub/45692-how-freezing-temps-can-lead-to-basement-flooding-and-how-to-stop-it,basement flooding,Drains,,,Low,"Old WP category 'basement flooding'. Location: Chicagoland (body only, Low)",approve,Removed weak location(s): Chicagoland (body-only or ambiguous) — Marketing decision 2026-09-24
775,45691-protecting-your-instant-heater-water-system-the-role-of-water-quality-in-your-homes,Protecting Your Instant Heater Water System: The Role of Water Quality in Your Homes,published,https://jblantonplumbing.com/knowledge-hub/45691-protecting-your-instant-heater-water-system-the-role-of-water-quality-in-your-homes,residential water heater,Water Heaters,,,Low,"Old WP category 'residential water heater'. Locations: McHenry (body only, Low); Chicagoland (body only, Low)",approve,Removed weak location(s): McHenry; Chicagoland (body-only or ambiguous) — Marketing decision 2026-09-24
774,45691-cold-weather-protection-step-by-step-residential-water-heater-winterization,Cold Weather Protection: Step-by-Step Residential Water Heater Winterization,published,https://jblantonplumbing.com/knowledge-hub/45691-cold-weather-protection-step-by-step-residential-water-heater-winterization,residential water heater,Water Heaters,,,Low,"Old WP category 'residential water heater'. Location: Chicagoland (body only, Low)",approve,Removed weak location(s): Chicagoland (body-only or ambiguous) — Marketing decision 2026-09-24
773,45691-upgrading-your-business-a-step-by-step-guide-to-installing-a-commercial-water-heater,Upgrading Your Business: A Step-by-Step Guide to Installing a Commercial Water Heater,published,https://jblantonplumbing.com/knowledge-hub/45691-upgrading-your-business-a-step-by-step-guide-to-installing-a-commercial-water-heater,commercial water heater,Commercial,Water Heaters,,Low,"Old WP category 'commercial water heater'. Locations: Evanston (body only, Low); Chicagoland (body only, Low)",approve,Removed weak location(s): Evanston; Chicagoland (body-only or ambiguous) — Marketing decision 2026-09-24
772,45688-warning-signs-your-water-heater-needs-a-fix-and-what-to-do-about-it,Warning Signs Your Water Heater Needs a Fix—And What to Do About It,published,https://jblantonplumbing.com/knowledge-hub/45688-warning-signs-your-water-heater-needs-a-fix-and-what-to-do-about-it,water heater repair,Water Heaters,,,Low,"Old WP category 'water heater repair'. Location: Chicagoland (body only, Low)",approve,Removed weak location(s): Chicagoland (body-only or ambiguous) — Marketing decision 2026-09-24
771,45688-water-heater-replacement-faqs-what-every-homeowner-should-know,Water Heater Replacement FAQs: What Every Homeowner Should Know,published,https://jblantonplumbing.com/knowledge-hub/45688-water-heater-replacement-faqs-what-every-homeowner-should-know,water heater installation,Water Heaters,,,Low,"Old WP category 'water heater installation'. Location: Chicagoland (body only, Low)",approve,Removed weak location(s): Chicagoland (body-only or ambiguous) — Marketing decision 2026-09-24
770,45688-avoid-costly-repairs-expert-tips-to-maintain-your-bathroom-plumbing,Avoid Costly Repairs - Expert Tips to Maintain Your Bathroom Plumbing,published,https://jblantonplumbing.com/knowledge-hub/45688-avoid-costly-repairs-expert-tips-to-maintain-your-bathroom-plumbing,bathroom plumbing,Plumbing Tips,,,Low,"Old WP category 'bathroom plumbing'. Location: Chicagoland (body only, Low)",approve,Removed weak location(s): Chicagoland (body-only or ambiguous) — Marketing decision 2026-09-24
769,45687-cold-weather-your-sewer-system-how-to-prevent-costly-issues-with-sewer-maintenance,Cold Weather & Your Sewer System: How to Prevent Costly Issues with Sewer Maintenance,published,https://jblantonplumbing.com/knowledge-hub/45687-cold-weather-your-sewer-system-how-to-prevent-costly-issues-with-sewer-maintenance,sewer maintenance,Sewers,,,Low,"Old WP category 'sewer maintenance'. Location: Chicagoland (body only, Low)",approve,Removed weak location(s): Chicagoland (body-only or ambiguous) — Marketing decision 2026-09-24
768,45687-smart-flood-control-solutions-how-technology-is-revolutionizing-home-protection,Smart Flood Control Solutions: How Technology is Revolutionizing Home Protection,published,https://jblantonplumbing.com/knowledge-hub/45687-smart-flood-control-solutions-how-technology-is-revolutionizing-home-protection,Uncategorized,Drains,,,Low,"Body mentions 'sump pumps' ×6 (first 500 words; 14 topic words in all). Location: Chicagoland (body only, Low)",approve,Removed weak location(s): Chicagoland (body-only or ambiguous) — Marketing decision 2026-09-24
767,45687-from-freezing-winters-to-humid-summers-how-weather-impacts-your-kitchen-sink-drain,From Freezing Winters to Humid Summers: How Weather Impacts Your Kitchen Sink Drain,published,https://jblantonplumbing.com/knowledge-hub/45687-from-freezing-winters-to-humid-summers-how-weather-impacts-your-kitchen-sink-drain,kitchen sink drain,Drains,,,Low,"Old WP category 'kitchen sink drain'. Location: Chicagoland (body only, Low)",approve,Removed weak location(s): Chicagoland (body-only or ambiguous) — Marketing decision 2026-09-24
766,45686-seamless-comfort-what-to-expect-during-continuous-water-heater-installation,Seamless Comfort: What to Expect During Continuous Water Heater Installation,published,https://jblantonplumbing.com/knowledge-hub/45686-seamless-comfort-what-to-expect-during-continuous-water-heater-installation,residential water heater,Water Heaters,,,Low,"Old WP category 'residential water heater'. Location: Chicagoland (body only, Low)",approve,Removed weak location(s): Chicagoland (body-only or ambiguous) — Marketing decision 2026-09-24
765,45686-prevent-plumbing-backups-before-they-start-the-importance-of-a-clean-kitchen-sink-drain,Prevent Plumbing Backups Before They Start: The Importance of a Clean Kitchen Sink Drain,published,https://jblantonplumbing.com/knowledge-hub/45686-prevent-plumbing-backups-before-they-start-the-importance-of-a-clean-kitchen-sink-drain,kitchen sink drain,Drains,,,Low,"Old WP category 'kitchen sink drain'. Location: Chicagoland (body only, Low)",approve,Removed weak location(s): Chicagoland (body-only or ambiguous) — Marketing decision 2026-09-24
764,45686-gas-line-safety-101-step-by-step-guide-to-shutting-off-gas-in-an-emergency,Gas Line Safety 101: A Step-by-Step Guide to Emergency Gas Shut Off,published,https://jblantonplumbing.com/knowledge-hub/45686-gas-line-safety-101-step-by-step-guide-to-shutting-off-gas-in-an-emergency,gas lines,Gas Lines,,,High,Old WP category 'gas lines',approve,
763,45685-avoid-these-5-common-mistakes-with-your-on-demand-water-heater,Avoid These 5 Common Mistakes with Your On Demand Water Heater,published,https://jblantonplumbing.com/knowledge-hub/45685-avoid-these-5-common-mistakes-with-your-on-demand-water-heater,residential water heater,Water Heaters,,,Low,"Old WP category 'residential water heater'. Location: Chicagoland (body only, Low)",approve,Removed weak location(s): Chicagoland (body-only or ambiguous) — Marketing decision 2026-09-24
762,45685-elgin-winters-and-plumbing-woes-5-common-leak-problems-to-address-asap,Elgin Winters and Plumbing Woes: 5 Common Leak Problems to Address ASAP,published,https://jblantonplumbing.com/knowledge-hub/45685-elgin-winters-and-plumbing-woes-5-common-leak-problems-to-address-asap,Uncategorized,Plumbing Tips,,Elgin,Medium,"Title/slug mentions 'leak' ×2. Location: Elgin (title, High)",approve,
761,45685-case-study-how-an-on-demand-water-heater-transformed-winter-living-in-algonquin,Case Study: How an On Demand Water Heater Transformed Winter Living in Algonquin,published,https://jblantonplumbing.com/knowledge-hub/45685-case-study-how-an-on-demand-water-heater-transformed-winter-living-in-algonquin,residential water heater,Water Heaters,,Algonquin,High,"Old WP category 'residential water heater'. Location: Algonquin (title, High)",approve,
760,45684-5-signs-arlington-heights-homeowners-should-call-a-pro-to-unclog-a-drain,5 Signs Arlington Heights Homeowners Should Call a Pro to Unclog a Drain,published,https://jblantonplumbing.com/knowledge-hub/45684-5-signs-arlington-heights-homeowners-should-call-a-pro-to-unclog-a-drain,Uncategorized,Drains,,Arlington Heights,Medium,"Title/slug mentions 'drain' ×2. Location: Arlington Heights (title, High)",approve,
759,45684-top-5-emergency-winter-plumbing-services-every-northbrook-homeowner-should-know,Top 5 Emergency Winter Plumbing Services Every Northbrook Homeowner Should Know,published,https://jblantonplumbing.com/knowledge-hub/45684-top-5-emergency-winter-plumbing-services-every-northbrook-homeowner-should-know,emergency plumbing,Emergency,,Northbrook,High,"Old WP category 'emergency plumbing'. Location: Northbrook (title, High)",approve,
758,45684-from-blockages-to-breakdowns-clogged-drains-and-plumbing-in-naperville-homes,From Blockages to Breakdowns: Clogged Drains and Plumbing in Naperville Homes,published,https://jblantonplumbing.com/knowledge-hub/45684-from-blockages-to-breakdowns-clogged-drains-and-plumbing-in-naperville-homes,Uncategorized,Drains,,Naperville,Medium,"Title/slug mentions 'drains' ×2. Location: Naperville (title, High)",approve,
757,45681-case-study-how-a-mchenry-home-boosted-efficiency-with-expert-gas-piping-installation,Case Study: How a McHenry Home Boosted Efficiency with Expert Gas Piping Installation,published,https://jblantonplumbing.com/knowledge-hub/45681-case-study-how-a-mchenry-home-boosted-efficiency-with-expert-gas-piping-installation,gas line installation,Gas Lines,,McHenry,High,"Old WP category 'gas line installation'. Location: McHenry (title, High)",approve,
756,45681-pipe-inspections-101-minimizing-repairs-and-burst-risks-in-chicagos-north-and-northwest-side,Pipe Inspections 101: Minimizing Repairs and Burst Risks in Chicago’s North and Northwest Side,published,https://jblantonplumbing.com/knowledge-hub/45681-pipe-inspections-101-minimizing-repairs-and-burst-risks-in-chicagos-north-and-northwest-side,burst pipe repair,Emergency,,Chicagoland,High,"Old WP category 'burst pipe repair'. Location: Chicagoland (title ('Chicago' → region), High)",approve,
755,45681-the-science-behind-hydro-jetting-protecting-evanston-homes-from-sewer-backups,The Science Behind Hydro Jetting: Protecting Evanston Homes from Sewer Backups,published,https://jblantonplumbing.com/knowledge-hub/45681-the-science-behind-hydro-jetting-protecting-evanston-homes-from-sewer-backups,hydro jetting,Drains,Sewers,Evanston,High,"Old WP category 'hydro jetting'. Location: Evanston (title, High)",approve,
754,45680-top-benefits-of-expert-hot-water-heater-installation-for-hinsdale-homes,Top Benefits of Expert Hot Water Heater Installation for Hinsdale Homes,published,https://jblantonplumbing.com/knowledge-hub/45680-top-benefits-of-expert-hot-water-heater-installation-for-hinsdale-homes,water heater installation,Water Heaters,,Hinsdale,High,"Old WP category 'water heater installation'. Location: Hinsdale (title, High)",approve,
753,45680-elgins-key-to-long-lasting-water-heaters-the-importance-of-anode-rod-maintenance,Elgin’s Key to Long-Lasting Water Heaters: The Importance of Anode Rod Maintenance,published,https://jblantonplumbing.com/knowledge-hub/45680-elgins-key-to-long-lasting-water-heaters-the-importance-of-anode-rod-maintenance,water heater repair,Water Heaters,,Elgin,High,"Old WP category 'water heater repair'. Location: Elgin (title, High)",approve,
752,45680-winterizing-your-algonquin-home-how-to-prevent-frozen-pipes-and-when-to-call-for-repairs,Winterizing Your Algonquin Home: How to Prevent Frozen Pipes and When to Call for Repairs,published,https://jblantonplumbing.com/knowledge-hub/45680-winterizing-your-algonquin-home-how-to-prevent-frozen-pipes-and-when-to-call-for-repairs,burst pipe repair,Emergency,,Algonquin,High,"Old WP category 'burst pipe repair'. Location: Algonquin (title, High)",approve,
751,45679-understanding-water-heater-lifespans-key-insights-for-arlington-heights-residents,Understanding Water Heater Lifespans: Key Insights for Arlington Heights Residents,published,https://jblantonplumbing.com/knowledge-hub/45679-understanding-water-heater-lifespans-key-insights-for-arlington-heights-residents,residential water heater,Water Heaters,,Arlington Heights,High,"Old WP category 'residential water heater'. Location: Arlington Heights (title, High)",approve,
750,45679-avoid-winter-drain-troubles-the-northbrook-guide-to-drain-cleaning-benefits,Avoid Winter Drain Troubles: The Northbrook Guide to Drain Cleaning Benefits,published,https://jblantonplumbing.com/knowledge-hub/45679-avoid-winter-drain-troubles-the-northbrook-guide-to-drain-cleaning-benefits,Uncategorized,Drains,,Northbrook,Medium,"Title/slug mentions 'drain' ×4. Location: Northbrook (title, High)",approve,
749,45679-case-study-solving-a-catch-basin-clogged-drain-issue-in-a-naperville-neighborhood,Case Study: Solving a Catch Basin Clogged Drain Issue in a Naperville Neighborhood,published,https://jblantonplumbing.com/knowledge-hub/45679-case-study-solving-a-catch-basin-clogged-drain-issue-in-a-naperville-neighborhood,Uncategorized,Drains,,Naperville,Medium,"Title/slug mentions 'drain' ×2. Location: Naperville (title, High)",approve,
748,45678-finding-the-right-expert-for-burst-pipe-repairs-in-mchenry-a-step-by-step-guide,Finding the Right Expert for Burst Pipe Repairs in McHenry: A Step-by-Step Guide,published,https://jblantonplumbing.com/knowledge-hub/45678-finding-the-right-expert-for-burst-pipe-repairs-in-mchenry-a-step-by-step-guide,burst pipe repair,Emergency,,McHenry,High,"Old WP category 'burst pipe repair'. Location: McHenry (title, High)",approve,
747,45678-5-reasons-hydro-jetting-is-a-winter-must-have-for-north-and-northwest-side-chicago-homes,5 Reasons Hydro Jetting is a Winter Must-Have for North and Northwest Side Chicago Homes,published,https://jblantonplumbing.com/knowledge-hub/45678-5-reasons-hydro-jetting-is-a-winter-must-have-for-north-and-northwest-side-chicago-homes,hydro jetting,Drains,Sewers,Chicagoland,Low,"Old WP category 'hydro jetting'. Locations: Chicagoland (title ('Chicago' → region), High); Evanston (body only, Low)",approve,Removed weak location(s): Evanston (body-only or ambiguous) — Marketing decision 2026-09-24
746,45678-case-study-water-heater-maintenance-saves-an-evanston-family-from-winter-woes,Case Study: Water Heater Maintenance Saves an Evanston Family from Winter Woes,published,https://jblantonplumbing.com/knowledge-hub/45678-case-study-water-heater-maintenance-saves-an-evanston-family-from-winter-woes,water heater maintenance,Water Heaters,,Evanston,High,"Old WP category 'water heater maintenance'. Location: Evanston (title, High)",approve,
745,45677-winter-effects-on-hinsdale-water-heaters-when-to-consider-hot-water-heater-repair,Winter Effects on Hinsdale Water Heaters: When to Consider Hot Water Heater Repair,published,https://jblantonplumbing.com/knowledge-hub/45677-winter-effects-on-hinsdale-water-heaters-when-to-consider-hot-water-heater-repair,water heater repair,Water Heaters,,Hinsdale,High,"Old WP category 'water heater repair'. Location: Hinsdale (title, High)",approve,
744,45677-elgin-businesses-go-green-the-role-of-commercial-water-heaters-in-reducing-carbon-footprints,Elgin Businesses Go Green: The Role of Commercial Water Heaters in Reducing Carbon Footprints,published,https://jblantonplumbing.com/knowledge-hub/45677-elgin-businesses-go-green-the-role-of-commercial-water-heaters-in-reducing-carbon-footprints,commercial water heater,Commercial,Water Heaters,Elgin,High,"Old WP category 'commercial water heater'. Location: Elgin (title, High)",approve,
743,45677-the-role-of-sewer-camera-inspections-in-protecting-algonquin-homes-from-root-blocked-sewer-lines,The Role of Sewer Camera Inspections in Protecting Algonquin Homes from Root-Blocked Sewer Lines,published,https://jblantonplumbing.com/knowledge-hub/45677-the-role-of-sewer-camera-inspections-in-protecting-algonquin-homes-from-root-blocked-sewer-lines,sewer camera inspection,Sewers,,Algonquin,High,"Old WP category 'sewer camera inspection'. Location: Algonquin (title, High)",approve,
742,45674-winterizing-your-tankless-water-heater-in-arlington-heights-the-importance-of-flushing,Winterizing Your Tankless Water Heater in Arlington Heights: The Importance of Flushing,published,https://jblantonplumbing.com/knowledge-hub/45674-winterizing-your-tankless-water-heater-in-arlington-heights-the-importance-of-flushing,water heater maintenance,Water Heaters,,Arlington Heights,High,"Old WP category 'water heater maintenance'. Location: Arlington Heights (title, High)",approve,
741,45674-winter-plumbing-care-in-northbrook-top-5-reasons-to-schedule-a-sewer-camera-inspection,Winter Plumbing Care in Northbrook: Top 5 Reasons to Schedule a Sewer Camera Inspection,published,https://jblantonplumbing.com/knowledge-hub/45674-winter-plumbing-care-in-northbrook-top-5-reasons-to-schedule-a-sewer-camera-inspection,sewer camera inspection,Sewers,,Northbrook,High,"Old WP category 'sewer camera inspection'. Location: Northbrook (title, High)",approve,
740,45674-why-naperville-residents-should-prioritize-toilet-repairs-top-5-reasons,Why Naperville Residents Should Prioritize Toilet Repairs: Top 5 Reasons,published,https://jblantonplumbing.com/knowledge-hub/45674-why-naperville-residents-should-prioritize-toilet-repairs-top-5-reasons,Uncategorized,Plumbing Tips,,Naperville,Medium,"Title/slug mentions 'toilet' ×2. Location: Naperville (title, High)",approve,
739,45673-energy-savings-in-mchenry-the-impact-of-instant-heater-water-upgrades,Energy Savings in McHenry: The Impact of Instant Heater Water Upgrades,published,https://jblantonplumbing.com/knowledge-hub/45673-energy-savings-in-mchenry-the-impact-of-instant-heater-water-upgrades,residential water heater,Water Heaters,,McHenry,High,"Old WP category 'residential water heater'. Location: McHenry (title, High)",approve,
738,45673-preparing-your-chicago-bathroom-steps-for-a-smooth-professional-toilet-repair-visit,Preparing Your Chicago Bathroom: Steps for a Smooth Professional Toilet Repair Visit,published,https://jblantonplumbing.com/knowledge-hub/45673-preparing-your-chicago-bathroom-steps-for-a-smooth-professional-toilet-repair-visit,Uncategorized,Plumbing Tips,,Chicagoland,Medium,"Title/slug mentions 'toilet' ×2. Location: Chicagoland (title ('Chicago' → region), High)",approve,
737,45673-how-evanston-winters-can-cause-long-term-plumbing-issues-understanding-frozen-pipe-repair,How Evanston Winters Can Cause Long-Term Plumbing Issues: Understanding Frozen Pipe Repair,published,https://jblantonplumbing.com/knowledge-hub/45673-how-evanston-winters-can-cause-long-term-plumbing-issues-understanding-frozen-pipe-repair,burst pipe repair,Emergency,,Evanston,High,"Old WP category 'burst pipe repair'. Location: Evanston (title, High)",approve,
736,45672-a-hinsdale-success-story-preventing-a-water-heater-breakdown-with-timely-repairs,A Hinsdale Success Story: Preventing a Water Heater Breakdown with Timely Repairs,published,https://jblantonplumbing.com/knowledge-hub/45672-a-hinsdale-success-story-preventing-a-water-heater-breakdown-with-timely-repairs,water heater repair,Water Heaters,,Hinsdale,High,"Old WP category 'water heater repair'. Location: Hinsdale (title, High)",approve,
735,45672-the-connection-between-leak-repairs-and-plumbing-health-in-elgin-illinois,"The Connection Between Leak Repairs and Plumbing Health in Elgin, Illinois",published,https://jblantonplumbing.com/knowledge-hub/45672-the-connection-between-leak-repairs-and-plumbing-health-in-elgin-illinois,Uncategorized,Plumbing Tips,,Elgin,Medium,"Title/slug mentions 'leak' ×2. Location: Elgin (title, High)",approve,
734,45672-holiday-aftermath-why-clearing-sewer-drain-clogs-in-algonquin-is-essential,Holiday Aftermath: Why Clearing Sewer Drain Clogs in Algonquin is Essential,published,https://jblantonplumbing.com/knowledge-hub/45672-holiday-aftermath-why-clearing-sewer-drain-clogs-in-algonquin-is-essential,Uncategorized,Drains,Sewers,Algonquin,Medium,"Title/slug mentions 'drain' ×2. Location: Algonquin (title, High)",approve,
733,45671-seasonal-strains-on-commercial-water-heaters-insights-for-arlington-heights-businesses,Seasonal Strains on Commercial Water Heaters: Insights for Arlington Heights Businesses,published,https://jblantonplumbing.com/knowledge-hub/45671-seasonal-strains-on-commercial-water-heaters-insights-for-arlington-heights-businesses,commercial water heater,Commercial,Water Heaters,Arlington Heights,High,"Old WP category 'commercial water heater'. Location: Arlington Heights (title, High)",approve,
732,45671-how-northbrook-homes-benefit-environmentally-from-replacing-old-water-heaters,How Northbrook Homes Benefit Environmentally from Replacing Old Water Heaters,published,https://jblantonplumbing.com/knowledge-hub/45671-how-northbrook-homes-benefit-environmentally-from-replacing-old-water-heaters,water heater installation,Water Heaters,,Northbrook,High,"Old WP category 'water heater installation'. Location: Northbrook (title, High)",approve,
731,45671-how-a-naperville-familys-kitchen-sink-drain-problem-was-solved-by-j-blanton-plumbing,How a Naperville Family's Kitchen Sink Drain Problem Was Solved By J Blanton Plumbing,published,https://jblantonplumbing.com/knowledge-hub/45671-how-a-naperville-familys-kitchen-sink-drain-problem-was-solved-by-j-blanton-plumbing,kitchen sink drain,Drains,,Naperville,High,"Old WP category 'kitchen sink drain'. Location: Naperville (title, High)",approve,
730,45670-breaking-down-tankless-water-heater-costs-for-mchenry-homeowners,Breaking Down Tankless Water Heater Costs for McHenry Homeowners,published,https://jblantonplumbing.com/knowledge-hub/45670-breaking-down-tankless-water-heater-costs-for-mchenry-homeowners,tankless water heater,Water Heaters,,McHenry,High,"Old WP category 'tankless water heater'. Location: McHenry (title, High)",approve,
729,45670-top-5-warning-signs-your-kitchen-sink-drain-needs-a-pro-on-the-north-side-of-chicago,Top 5 Warning Signs Your Kitchen Sink Drain Needs a Pro on the North Side of Chicago,published,https://jblantonplumbing.com/knowledge-hub/45670-top-5-warning-signs-your-kitchen-sink-drain-needs-a-pro-on-the-north-side-of-chicago,kitchen sink drain,Drains,,Chicagoland,High,"Old WP category 'kitchen sink drain'. Location: Chicagoland (title ('Chicago' → region), High)",approve,
728,45670-prepare-your-water-heater-for-evanstons-chilly-winters-with-this-checklist,Prepare Your Water Heater for Evanston's Chilly Winters with This Checklist,published,https://jblantonplumbing.com/knowledge-hub/45670-prepare-your-water-heater-for-evanstons-chilly-winters-with-this-checklist,water heater maintenance,Water Heaters,,Evanston,High,"Old WP category 'water heater maintenance'. Location: Evanston (title, High)",approve,
727,45667-hard-water-in-hinsdale-its-effects-on-on-demand-water-heaters-and-solutions,Hard Water in Hinsdale: Its Effects on On Demand Water Heaters and Solutions,published,https://jblantonplumbing.com/knowledge-hub/45667-hard-water-in-hinsdale-its-effects-on-on-demand-water-heaters-and-solutions,residential water heater,Water Heaters,,Hinsdale,High,"Old WP category 'residential water heater'. Location: Hinsdale (title, High)",approve,
726,45667-5-smart-reasons-elgin-homeowners-schedule-sewer-line-cleanouts-before-winter-storms,5 Smart Reasons Elgin Homeowners Schedule Sewer Line Cleanouts Before Winter Storms,published,https://jblantonplumbing.com/knowledge-hub/45667-5-smart-reasons-elgin-homeowners-schedule-sewer-line-cleanouts-before-winter-storms,sewer maintenance,Sewers,,Elgin,High,"Old WP category 'sewer maintenance'. Location: Elgin (title, High)",approve,
725,45667-why-algonquin-homeowners-rely-on-camera-drain-inspections-for-accurate-diagnoses,Why Algonquin Homeowners Rely on Camera Drain Inspections for Accurate Diagnoses,published,https://jblantonplumbing.com/knowledge-hub/45667-why-algonquin-homeowners-rely-on-camera-drain-inspections-for-accurate-diagnoses,Uncategorized,Drains,,Algonquin,Medium,"Title/slug mentions 'drain' ×2. Location: Algonquin (title, High)",approve,
724,45666-historic-homes-modern-solutions-unclogging-a-drain-in-arlington-heights,"Historic Homes, Modern Solutions: Unclogging a Drain in Arlington Heights",published,https://jblantonplumbing.com/knowledge-hub/45666-historic-homes-modern-solutions-unclogging-a-drain-in-arlington-heights,Uncategorized,Drains,,Arlington Heights,Medium,"Title/slug mentions 'drain' ×2. Location: Arlington Heights (title, High)",approve,
723,45666-troubleshooting-garbage-disposals-when-northbrook-residents-should-repair-or-replace,Troubleshooting Garbage Disposals: When Northbrook Residents Should Repair or Replace,published,https://jblantonplumbing.com/knowledge-hub/45666-troubleshooting-garbage-disposals-when-northbrook-residents-should-repair-or-replace,Uncategorized,Plumbing Tips,,Northbrook,Medium,"Title/slug mentions 'garbage disposals' ×2. Location: Northbrook (title, High)",approve,
722,45666-winter-plumbing-repairs-how-napervilles-cold-seasons-impact-your-homes-plumbing-needs,Winter Plumbing Repairs: How Naperville’s Cold Seasons Impact Your Home’s Plumbing Needs,published,https://jblantonplumbing.com/knowledge-hub/45666-winter-plumbing-repairs-how-napervilles-cold-seasons-impact-your-homes-plumbing-needs,Uncategorized,Plumbing Tips,,Naperville,Low,"Body mentions 'pipes' ×6 (first 500 words; 11 topic words in all). Locations: Naperville (title, High); Chicagoland (body only, Low)",approve,Removed weak location(s): Chicagoland (body-only or ambiguous) — Marketing decision 2026-09-24
721,45665-step-by-step-guide-to-hot-water-heater-installation-in-mchenry-homes,Step-by-Step Guide to Hot Water Heater Installation in McHenry Homes,published,https://jblantonplumbing.com/knowledge-hub/45665-step-by-step-guide-to-hot-water-heater-installation-in-mchenry-homes,water heater installation,Water Heaters,,McHenry,High,"Old WP category 'water heater installation'. Location: McHenry (title, High)",approve,
720,45665-the-impact-of-chicagos-winter-weather-in-shower-repair-needs-in-the-north-and-northwest-side,The Impact of Chicago's Winter Weather In Shower Repair Needs in the North and Northwest Side,published,https://jblantonplumbing.com/knowledge-hub/45665-the-impact-of-chicagos-winter-weather-in-shower-repair-needs-in-the-north-and-northwest-side,shower repair,Plumbing Tips,,Chicagoland,High,"Old WP category 'shower repair'. Location: Chicagoland (title ('Chicago' → region), High)",approve,
719,45665-how-evanston-homes-can-avoid-basement-flooding-caused-by-sewer-backups,How Evanston Homes Can Avoid Basement Flooding Caused by Sewer Backups,published,https://jblantonplumbing.com/knowledge-hub/45665-how-evanston-homes-can-avoid-basement-flooding-caused-by-sewer-backups,basement flooding,Drains,,Evanston,High,"Old WP category 'basement flooding'. Location: Evanston (title, High)",approve,
718,45664-how-hinsdales-top-industries-thrive-with-high-performance-commercial-water-heaters,How Hinsdale’s Top Industries Thrive with High-Performance Commercial Water Heaters,published,https://jblantonplumbing.com/knowledge-hub/45664-how-hinsdales-top-industries-thrive-with-high-performance-commercial-water-heaters,commercial water heater,Commercial,Water Heaters,Hinsdale,High,"Old WP category 'commercial water heater'. Location: Hinsdale (title, High)",approve,
717,45664-how-professional-faucet-installation-can-help-elgin-residents-save-on-water-bills,How Professional Faucet Installation Can Help Elgin Residents Save on Water Bills,published,https://jblantonplumbing.com/knowledge-hub/45664-how-professional-faucet-installation-can-help-elgin-residents-save-on-water-bills,Uncategorized,Plumbing Tips,,Elgin,Medium,"Title/slug mentions 'faucet' ×2. Location: Elgin (title, High)",approve,
716,45664-winters-impact-on-sewer-line-cleanouts-insights-for-algonquin-homeowners,Winter’s Impact on Sewer Line Cleanouts: Insights for Algonquin Homeowners,published,https://jblantonplumbing.com/knowledge-hub/45664-winters-impact-on-sewer-line-cleanouts-insights-for-algonquin-homeowners,sewer maintenance,Sewers,,Algonquin,High,"Old WP category 'sewer maintenance'. Location: Algonquin (title, High)",approve,
715,45663-how-to-avoid-kitchen-chaos-5-reasons-for-garbage-disposal-repair-in-arlington-heights,How to Avoid Kitchen Chaos: 5 Reasons for Garbage Disposal Repair in Arlington Heights,published,https://jblantonplumbing.com/knowledge-hub/45663-how-to-avoid-kitchen-chaos-5-reasons-for-garbage-disposal-repair-in-arlington-heights,Uncategorized,Plumbing Tips,,Arlington Heights,Medium,"Title/slug mentions 'kitchen' ×2. Location: Arlington Heights (title, High)",approve,
714,45663-northbrook-case-study-emergency-plumbing-service-stops-water-damage-in-its-tracks,Northbrook Case Study: Emergency Plumbing Service Stops Water Damage in Its Tracks,published,https://jblantonplumbing.com/knowledge-hub/45663-northbrook-case-study-emergency-plumbing-service-stops-water-damage-in-its-tracks,emergency plumbing,Emergency,,Northbrook,Low,"Old WP category 'emergency plumbing'. Locations: Northbrook (title, High); Chicagoland (body only, Low)",approve,Removed weak location(s): Chicagoland (body-only or ambiguous) — Marketing decision 2026-09-24
713,45663-how-clogged-drains-in-naperville-catch-basins-can-lead-to-long-term-problems,How Clogged Drains in Naperville Catch Basins Can Lead to Long-Term Problems,published,https://jblantonplumbing.com/knowledge-hub/45663-how-clogged-drains-in-naperville-catch-basins-can-lead-to-long-term-problems,Uncategorized,Drains,,Naperville,Medium,"Title/slug mentions 'drains' ×2. Location: Naperville (title, High)",approve,
712,45660-choosing-the-perfect-bathroom-drain-replacement-for-your-mchenry-home,Choosing the Perfect Bathroom Drain Replacement for Your McHenry Home,published,https://jblantonplumbing.com/knowledge-hub/45660-choosing-the-perfect-bathroom-drain-replacement-for-your-mchenry-home,bathroom plumbing,Plumbing Tips,,McHenry,High,"Old WP category 'bathroom plumbing'. Location: McHenry (title, High)",approve,
711,45660-fixing-sewage-pipes-in-chicagos-north-and-northwest-side-long-term-benefits-explained,Fixing Sewage Pipes in Chicago's North and Northwest Side: Long-Term Benefits Explained,published,https://jblantonplumbing.com/knowledge-hub/45660-fixing-sewage-pipes-in-chicagos-north-and-northwest-side-long-term-benefits-explained,sewer repair,Sewers,,Chicagoland,Low,"Old WP category 'sewer repair'. Locations: Chicagoland (title ('Chicago' → region), High); North Chicago (body only, Low)",approve,Removed weak location(s): North Chicago (body-only or ambiguous) — Marketing decision 2026-09-24
710,45660-restoring-evanston-homes-a-case-study-on-sewer-line-repairs,Restoring Evanston Homes: A Case Study on Sewer Line Repairs,published,https://jblantonplumbing.com/knowledge-hub/45660-restoring-evanston-homes-a-case-study-on-sewer-line-repairs,sewer repair,Sewers,,Evanston,High,"Old WP category 'sewer repair'. Location: Evanston (title, High)",approve,
709,45659-keep-hinsdale-plumbing-in-shape-safe-ways-to-unclog-drains-at-home,Keep Hinsdale Plumbing in Shape: Safe Ways to Unclog Drains at Home,published,https://jblantonplumbing.com/knowledge-hub/45659-keep-hinsdale-plumbing-in-shape-safe-ways-to-unclog-drains-at-home,Uncategorized,Drains,,Hinsdale,Medium,"Title/slug mentions 'drains' ×2. Location: Hinsdale (title, High)",approve,
708,45659-elgin-homeowners-pay-attention-5-signs-your-faucet-needs-replacement,"Elgin Homeowners, Pay Attention: 5 Signs Your Faucet Needs Replacement",published,https://jblantonplumbing.com/knowledge-hub/45659-elgin-homeowners-pay-attention-5-signs-your-faucet-needs-replacement,Uncategorized,Plumbing Tips,,Elgin,Medium,"Title/slug mentions 'faucet' ×2. Location: Elgin (title, High)",approve,
707,45659-protect-your-algonquin-basement-top-5-plumbing-repairs-to-avoid-flooding,Protect Your Algonquin Basement: Top 5 Plumbing Repairs to Avoid Flooding,published,https://jblantonplumbing.com/knowledge-hub/45659-protect-your-algonquin-basement-top-5-plumbing-repairs-to-avoid-flooding,basement flooding,Drains,,Algonquin,High,"Old WP category 'basement flooding'. Location: Algonquin (title, High)",approve,
706,45658-garbage-disposal-repairs-in-arlington-heights-the-secret-to-healthy-pipes,Garbage Disposal Repairs in Arlington Heights: The Secret to Healthy Pipes,published,https://jblantonplumbing.com/knowledge-hub/45658-garbage-disposal-repairs-in-arlington-heights-the-secret-to-healthy-pipes,Uncategorized,Plumbing Tips,,Arlington Heights,Medium,"Title/slug mentions 'garbage disposal' ×2. Location: Arlington Heights (title, High)",approve,
705,45658-drain-cleaning-innovation-in-northbrook-how-new-methods-make-unclogging-drains-easier,Drain Cleaning Innovation in Northbrook: How New Methods Make Unclogging Drains Easier,published,https://jblantonplumbing.com/knowledge-hub/45658-drain-cleaning-innovation-in-northbrook-how-new-methods-make-unclogging-drains-easier,Uncategorized,Drains,,Northbrook,Medium,"Title/slug mentions 'drain' ×2. Location: Northbrook (title, High)",approve,
704,45658-how-napervilles-winter-storms-can-lead-to-basement-flooding-prevention-tips-for-homeowners,How Naperville’s Winter Storms Can Lead to Basement Flooding: Prevention Tips for Homeowners,published,https://jblantonplumbing.com/knowledge-hub/45658-how-napervilles-winter-storms-can-lead-to-basement-flooding-prevention-tips-for-homeowners,basement flooding,Drains,,Naperville,High,"Old WP category 'basement flooding'. Location: Naperville (title, High)",approve,
703,45657-case-study-mchenry-home-saved-from-major-plumbing-damage-with-timely-garbage-disposal-repair,Case Study: McHenry Home Saved from Major Plumbing Damage with Timely Garbage Disposal Repair,published,https://jblantonplumbing.com/knowledge-hub/45657-case-study-mchenry-home-saved-from-major-plumbing-damage-with-timely-garbage-disposal-repair,Uncategorized,Plumbing Tips,,McHenry,Medium,"Title/slug mentions 'garbage disposal' ×2. Location: McHenry (title, High)",approve,
702,45657-why-north-and-northwest-side-chicago-residents-are-upgrading-their-bathroom-drains,Why North and Northwest Side Chicago Residents Are Upgrading Their Bathroom Drains,published,https://jblantonplumbing.com/knowledge-hub/45657-why-north-and-northwest-side-chicago-residents-are-upgrading-their-bathroom-drains,bathroom plumbing,Plumbing Tips,,Chicagoland,High,"Old WP category 'bathroom plumbing'. Location: Chicagoland (title ('Chicago' → region), High)",approve,
701,45657-evanston-homes-go-green-the-environmental-benefits-of-instant-water-heaters,Evanston Homes Go Green: The Environmental Benefits of Instant Water Heaters,published,https://jblantonplumbing.com/knowledge-hub/45657-evanston-homes-go-green-the-environmental-benefits-of-instant-water-heaters,residential water heater,Water Heaters,,Evanston,High,"Old WP category 'residential water heater'. Location: Evanston (title, High)",approve,
700,45656-how-a-hinsdale-restaurant-transformed-hot-water-access-with-a-commercial-water-heater-upgrade,How a Hinsdale Restaurant Transformed Hot Water Access with a Commercial Water Heater Upgrade,published,https://jblantonplumbing.com/knowledge-hub/45656-how-a-hinsdale-restaurant-transformed-hot-water-access-with-a-commercial-water-heater-upgrade,commercial water heater,Commercial,Water Heaters,Hinsdale,High,"Old WP category 'commercial water heater'. Location: Hinsdale (title, High)",approve,
699,45656-elgins-homeowner-guide-to-bathroom-drain-replacement-made-easy,Elgin’s Homeowner Guide to Bathroom Drain Replacement Made Easy,published,https://jblantonplumbing.com/knowledge-hub/45656-elgins-homeowner-guide-to-bathroom-drain-replacement-made-easy,bathroom plumbing,Plumbing Tips,,Elgin,High,"Old WP category 'bathroom plumbing'. Location: Elgin (title, High)",approve,
698,45656-the-energy-bill-connection-why-algonquin-residents-should-fix-their-water-heaters-now,The Energy Bill Connection: Why Algonquin Residents Should Fix Their Water Heaters Now,published,https://jblantonplumbing.com/knowledge-hub/45656-the-energy-bill-connection-why-algonquin-residents-should-fix-their-water-heaters-now,water heater repair,Water Heaters,,Algonquin,High,"Old WP category 'water heater repair'. Location: Algonquin (title, High)",approve,
697,45653-5-clues-your-arlington-heights-property-needs-a-professional-camera-drain-inspection,5 Clues Your Arlington Heights Property Needs a Professional Camera Drain Inspection,published,https://jblantonplumbing.com/knowledge-hub/45653-5-clues-your-arlington-heights-property-needs-a-professional-camera-drain-inspection,Uncategorized,Drains,,Arlington Heights,Medium,"Title/slug mentions 'drain' ×2. Location: Arlington Heights (title, High)",approve,
696,45653-optimizing-northbrooks-drainage-top-catch-basin-design-considerations-for-maximum-efficiency,Optimizing Northbrook’s Drainage: Top Catch Basin Design Considerations for Maximum Efficiency,published,https://jblantonplumbing.com/knowledge-hub/45653-optimizing-northbrooks-drainage-top-catch-basin-design-considerations-for-maximum-efficiency,Uncategorized,Drains,,Northbrook,Medium,"Title/slug mentions 'drainage' ×2. Location: Northbrook (title, High)",approve,
695,45653-napervilles-winter-defense-how-ejector-pumps-protect-homes-from-basement-flooding,Naperville's Winter Defense: How Ejector Pumps Protect Homes from Basement Flooding,published,https://jblantonplumbing.com/knowledge-hub/45653-napervilles-winter-defense-how-ejector-pumps-protect-homes-from-basement-flooding,ejector pump,Drains,,Naperville,High,"Old WP category 'ejector pump'. Location: Naperville (title, High)",approve,
694,45652-flushing-tankless-water-heaters-in-mchenry-professional-vs-diy-approaches-explained,Flushing Tankless Water Heaters in McHenry: Professional vs. DIY Approaches Explained,published,https://jblantonplumbing.com/knowledge-hub/45652-flushing-tankless-water-heaters-in-mchenry-professional-vs-diy-approaches-explained,water heater maintenance,Water Heaters,,McHenry,High,"Old WP category 'water heater maintenance'. Location: McHenry (title, High)",approve,
693,45652-modern-bathroom-plumbing-upgrades-enhancing-comfort-in-north-and-northwest-side-of-chicago,Modern Bathroom Plumbing Upgrades: Enhancing Comfort in North and Northwest Side of Chicago,published,https://jblantonplumbing.com/knowledge-hub/45652-modern-bathroom-plumbing-upgrades-enhancing-comfort-in-north-and-northwest-side-of-chicago,bathroom plumbing,Plumbing Tips,,Chicagoland,High,"Old WP category 'bathroom plumbing'. Location: Chicagoland (title ('Chicago' → region), High)",approve,
692,45652-7-essential-maintenance-tips-for-plumbing-fixture-installations-in-evanston-homes,7 Essential Maintenance Tips for Plumbing Fixture Installations in Evanston Homes,published,https://jblantonplumbing.com/knowledge-hub/45652-7-essential-maintenance-tips-for-plumbing-fixture-installations-in-evanston-homes,Uncategorized,Plumbing Tips,,Evanston,Medium,"Title/slug mentions 'maintenance' ×2. Location: Evanston (title, High)",approve,
691,45651-gas-vs-electric-the-ultimate-water-heater-installation-guide-for-hinsdale-homes,Gas vs. Electric: The Ultimate Water Heater Installation Guide for Hinsdale Homes,published,https://jblantonplumbing.com/knowledge-hub/45651-gas-vs-electric-the-ultimate-water-heater-installation-guide-for-hinsdale-homes,water heater installation,Water Heaters,,Hinsdale,High,"Old WP category 'water heater installation'. Location: Hinsdale (title, High)",approve,
690,45651-elgin-homeowners-guide-how-to-prepare-for-professional-leak-repairs,Elgin Homeowners’ Guide: How to Prepare for Professional Leak Repairs,published,https://jblantonplumbing.com/knowledge-hub/45651-elgin-homeowners-guide-how-to-prepare-for-professional-leak-repairs,Uncategorized,Plumbing Tips,,Elgin,Medium,"Title/slug mentions 'leak' ×2. Location: Elgin (title, High)",approve,
689,45651-why-algonquin-homeowners-should-prioritize-professional-repairs-for-a-broken-sewer-line,Why Algonquin Homeowners Should Prioritize Professional Repairs for a Broken Sewer Line,published,https://jblantonplumbing.com/knowledge-hub/45651-why-algonquin-homeowners-should-prioritize-professional-repairs-for-a-broken-sewer-line,sewer repair,Sewers,,Algonquin,High,"Old WP category 'sewer repair'. Location: Algonquin (title, High)",approve,
688,45650-how-a-broken-sewer-line-affects-arlington-heights-the-environmental-and-community-impact,How a Broken Sewer Line Affects Arlington Heights: The Environmental and Community Impact,published,https://jblantonplumbing.com/knowledge-hub/45650-how-a-broken-sewer-line-affects-arlington-heights-the-environmental-and-community-impact,sewer repair,Sewers,,Arlington Heights,High,"Old WP category 'sewer repair'. CHECK: the title reads like Company News ('community'). Location: Arlington Heights (title, High)",approve,
687,45650-5-reasons-northbrook-businesses-must-prioritize-sewer-maintenance-insights-for-a-cleaner-tomorrow,5 Reasons Northbrook Businesses Must Prioritize Sewer Maintenance: Insights for a Cleaner Tomorrow,published,https://jblantonplumbing.com/knowledge-hub/45650-5-reasons-northbrook-businesses-must-prioritize-sewer-maintenance-insights-for-a-cleaner-tomorrow,sewer maintenance,Sewers,,Northbrook,High,"Old WP category 'sewer maintenance'. Location: Northbrook (title, High)",approve,
686,45650-why-napervilles-aging-sewer-systems-need-hydro-jetting-5-key-advantages,Why Naperville’s Aging Sewer Systems Need Hydro Jetting: 5 Key Advantages,published,https://jblantonplumbing.com/knowledge-hub/45650-why-napervilles-aging-sewer-systems-need-hydro-jetting-5-key-advantages,hydro jetting,Drains,Sewers,Naperville,High,"Old WP category 'hydro jetting'. Location: Naperville (title, High)",approve,
685,45649-case-study-preventing-full-water-heater-replacement-with-quick-repairs-in-mchenry,Case Study: Preventing Full Water Heater Replacement with Quick Repairs in McHenry,published,https://jblantonplumbing.com/knowledge-hub/45649-case-study-preventing-full-water-heater-replacement-with-quick-repairs-in-mchenry,water heater repair,Water Heaters,,McHenry,High,"Old WP category 'water heater repair'. Location: McHenry (title, High)",approve,
684,45649-hydro-jetting-explained-the-high-tech-drain-cleaning-solution-chicago-homeowners-need,Hydro Jetting Explained: The High-Tech Drain Cleaning Solution Chicago Homeowners Need,published,https://jblantonplumbing.com/knowledge-hub/45649-hydro-jetting-explained-the-high-tech-drain-cleaning-solution-chicago-homeowners-need,hydro jetting,Drains,Sewers,Chicagoland,High,"Old WP category 'hydro jetting'. Location: Chicagoland (title ('Chicago' → region), High)",approve,
683,45649-from-clogs-to-efficiency-the-value-of-kitchen-plumbing-maintenance-in-evanston-homes,From Clogs to Efficiency: The Value of Kitchen Plumbing Maintenance in Evanston Homes,published,https://jblantonplumbing.com/knowledge-hub/45649-from-clogs-to-efficiency-the-value-of-kitchen-plumbing-maintenance-in-evanston-homes,kitchen plumbing,Plumbing Tips,,Evanston,High,"Old WP category 'kitchen plumbing'. Location: Evanston (title, High)",approve,
682,45646-case-study-enhancing-a-hinsdale-kitchen-remodel-with-proper-gas-line-installation,Case Study: Enhancing a Hinsdale Kitchen Remodel with Proper Gas Line Installation,published,https://jblantonplumbing.com/knowledge-hub/45646-case-study-enhancing-a-hinsdale-kitchen-remodel-with-proper-gas-line-installation,gas line installation,Gas Lines,,Hinsdale,High,"Old WP category 'gas line installation'. Location: Hinsdale (title, High)",approve,
681,45646-stay-warm-and-dry-common-winter-plumbing-emergencies-in-elgin-requiring-immediate-attention,Stay Warm and Dry: Common Winter Plumbing Emergencies in Elgin Requiring Immediate Attention,published,https://jblantonplumbing.com/knowledge-hub/45646-stay-warm-and-dry-common-winter-plumbing-emergencies-in-elgin-requiring-immediate-attention,emergency plumbing,Emergency,,Elgin,High,"Old WP category 'emergency plumbing'. Location: Elgin (title, High)",approve,
680,45646-proactive-plumbing-in-algonquin-top-5-reasons-to-get-a-camera-sewer-inspection,Proactive Plumbing in Algonquin: Top 5 Reasons to Get a Camera Sewer Inspection,published,https://jblantonplumbing.com/knowledge-hub/45646-proactive-plumbing-in-algonquin-top-5-reasons-to-get-a-camera-sewer-inspection,Uncategorized,Sewers,,Algonquin,Medium,"Title/slug mentions 'sewer' ×2. Location: Algonquin (title, High)",approve,
679,45645-understanding-sewer-drain-issues-in-older-arlington-heights-homes-and-the-role-of-sewer-rodding,Understanding Sewer Drain Issues in Older Arlington Heights Homes and the Role of Sewer Rodding,published,https://jblantonplumbing.com/knowledge-hub/45645-understanding-sewer-drain-issues-in-older-arlington-heights-homes-and-the-role-of-sewer-rodding,sewer maintenance,Sewers,,Arlington Heights,High,"Old WP category 'sewer maintenance'. Location: Arlington Heights (title, High)",approve,
678,45645-northbrook-guide-steps-to-avoid-future-clogs-after-a-blocked-drain-plumber-visit,Northbrook Guide: Steps to Avoid Future Clogs After a Blocked Drain Plumber Visit,published,https://jblantonplumbing.com/knowledge-hub/45645-northbrook-guide-steps-to-avoid-future-clogs-after-a-blocked-drain-plumber-visit,Uncategorized,Drains,,Northbrook,Medium,"Title/slug mentions 'drain' ×2. Location: Northbrook (title, High)",approve,
677,45645-case-study-the-importance-of-timely-toilet-repairs-in-protecting-your-naperville-home,Case Study: The Importance of Timely Toilet Repairs in Protecting Your Naperville Home,published,https://jblantonplumbing.com/knowledge-hub/45645-case-study-the-importance-of-timely-toilet-repairs-in-protecting-your-naperville-home,Uncategorized,Plumbing Tips,,Naperville,Medium,"Title/slug mentions 'toilet' ×2. Location: Naperville (title, High)",approve,
676,45644-keeping-mchenry-drains-clear-the-role-of-catch-basin-maintenance-in-flood-prevention,Keeping McHenry Drains Clear: The Role of Catch Basin Maintenance in Flood Prevention,published,https://jblantonplumbing.com/knowledge-hub/45644-keeping-mchenry-drains-clear-the-role-of-catch-basin-maintenance-in-flood-prevention,Uncategorized,Drains,Plumbing Tips,McHenry,Medium,"Title/slug mentions 'drains' ×2. Location: McHenry (title, High)",approve,
675,45644-boosting-efficiency-how-on-demand-water-heaters-enhance-homes-in-chicagos-north-and-northwest-side,Boosting Efficiency: How On Demand Water Heaters Enhance Homes in Chicago's North and Northwest Side,published,https://jblantonplumbing.com/knowledge-hub/45644-boosting-efficiency-how-on-demand-water-heaters-enhance-homes-in-chicagos-north-and-northwest-side,residential water heater,Water Heaters,,Chicagoland,Low,"Old WP category 'residential water heater'. Locations: Chicagoland (title ('Chicago' → region), High); North Chicago (body only, Low)",approve,Removed weak location(s): North Chicago (body-only or ambiguous) — Marketing decision 2026-09-24
674,45644-case-study-preventing-costly-ceiling-damage-in-evanston-with-expert-leak-repairs,Case Study: Preventing Costly Ceiling Damage in Evanston with Expert Leak Repairs,published,https://jblantonplumbing.com/knowledge-hub/45644-case-study-preventing-costly-ceiling-damage-in-evanston-with-expert-leak-repairs,Uncategorized,Plumbing Tips,,Evanston,Medium,"Title/slug mentions 'leak' ×2. Location: Evanston (title, High)",approve,
673,45643-modernizing-hinsdale-homes-the-impact-of-on-demand-water-heaters-in-renovations,Modernizing Hinsdale Homes: The Impact of On Demand Water Heaters in Renovations,published,https://jblantonplumbing.com/knowledge-hub/45643-modernizing-hinsdale-homes-the-impact-of-on-demand-water-heaters-in-renovations,residential water heater,Water Heaters,,Hinsdale,High,"Old WP category 'residential water heater'. Location: Hinsdale (title, High)",approve,
672,45643-why-elgin-residents-need-a-24-hour-plumber-for-extreme-weather-emergencies,Why Elgin Residents Need a 24 Hour Plumber for Extreme Weather Emergencies,published,https://jblantonplumbing.com/knowledge-hub/45643-why-elgin-residents-need-a-24-hour-plumber-for-extreme-weather-emergencies,emergency plumbing,Emergency,,Elgin,High,"Old WP category 'emergency plumbing'. Location: Elgin (title, High)",approve,
671,45643-the-role-of-gas-line-installation-in-modern-algonquin-home-construction-or-renovations,The Role of Gas Line Installation in Modern Algonquin Home Construction or Renovations,published,https://jblantonplumbing.com/knowledge-hub/45643-the-role-of-gas-line-installation-in-modern-algonquin-home-construction-or-renovations,gas line installation,Gas Lines,,Algonquin,High,"Old WP category 'gas line installation'. Location: Algonquin (title, High)",approve,
670,45642-why-arlington-heights-residents-often-face-drain-issues-and-how-to-unclog-drains-efficiently,Why Arlington Heights Residents Often Face Drain Issues and How to Unclog Drains Efficiently,published,https://jblantonplumbing.com/knowledge-hub/45642-why-arlington-heights-residents-often-face-drain-issues-and-how-to-unclog-drains-efficiently,Uncategorized,Drains,,Arlington Heights,Medium,"Title/slug mentions 'drain' ×2. Location: Arlington Heights (title, High)",approve,
669,45642-a-northbrook-homeowners-guide-to-inspecting-and-cleaning-flood-control-equipment,A Northbrook Homeowner’s Guide to Inspecting and Cleaning Flood Control Equipment,published,https://jblantonplumbing.com/knowledge-hub/45642-a-northbrook-homeowners-guide-to-inspecting-and-cleaning-flood-control-equipment,Uncategorized,Drains,,Northbrook,Low,"Body mentions 'sump pump' ×3 (first 500 words; 7 topic words in all). Location: Northbrook (title, High)",approve,
668,45642-avoid-napervilles-common-plumbing-woes-5-signs-your-catch-basin-needs-attention,Avoid Naperville’s Common Plumbing Woes: 5 Signs Your Catch Basin Needs Attention,published,https://jblantonplumbing.com/knowledge-hub/45642-avoid-napervilles-common-plumbing-woes-5-signs-your-catch-basin-needs-attention,Uncategorized,Drains,,Naperville,Medium,"Title/slug mentions 'catch basin' ×2. Location: Naperville (title, High)",approve,
667,45639-protecting-mchenry-families-the-vital-role-of-gas-leak-detectors-in-home-safety,Protecting McHenry Families: The Vital Role of Gas Leak Detectors in Home Safety,published,https://jblantonplumbing.com/knowledge-hub/45639-protecting-mchenry-families-the-vital-role-of-gas-leak-detectors-in-home-safety,gas line leak detection,Gas Lines,,McHenry,High,"Old WP category 'gas line leak detection'. Location: McHenry (title, High)",approve,
666,45639-maximizing-efficiency-for-commercial-water-heaters-a-guide-for-chicagos-north-and-northwest-side,Maximizing Efficiency for Commercial Water Heaters: A Guide for Chicago's North and Northwest Side,published,https://jblantonplumbing.com/knowledge-hub/45639-maximizing-efficiency-for-commercial-water-heaters-a-guide-for-chicagos-north-and-northwest-side,commercial water heater,Commercial,Water Heaters,Chicagoland,High,"Old WP category 'commercial water heater'. Location: Chicagoland (title ('Chicago' → region), High)",approve,
665,45639-evanstons-guide-to-shower-drain-repairs-how-to-address-and-resolve-issues-efficiently,Evanston’s Guide to Shower Drain Repairs: How to Address and Resolve Issues Efficiently,published,https://jblantonplumbing.com/knowledge-hub/45639-evanstons-guide-to-shower-drain-repairs-how-to-address-and-resolve-issues-efficiently,shower repair,Plumbing Tips,,Evanston,High,"Old WP category 'shower repair'. Location: Evanston (title, High)",approve,
664,45638-hinsdale-homeowners-guide-common-sewer-drain-clog-reasons-and-professional-solutions,Hinsdale Homeowner’s Guide: Common Sewer Drain Clog Reasons and Professional Solutions,published,https://jblantonplumbing.com/knowledge-hub/45638-hinsdale-homeowners-guide-common-sewer-drain-clog-reasons-and-professional-solutions,Uncategorized,Drains,Sewers,Hinsdale,Medium,"Title/slug mentions 'drain' ×2. Location: Hinsdale (title, High)",approve,
663,45638-elgins-guide-to-hot-water-heater-repair-tackling-water-pressure-issues-the-right-way,Elgin’s Guide to Hot Water Heater Repair: Tackling Water Pressure Issues the Right Way,published,https://jblantonplumbing.com/knowledge-hub/45638-elgins-guide-to-hot-water-heater-repair-tackling-water-pressure-issues-the-right-way,water heater repair,Water Heaters,,Elgin,High,"Old WP category 'water heater repair'. Location: Elgin (title, High)",approve,
662,45638-how-algonquin-homeowners-overcame-a-stubborn-sewer-drain-clog-with-professional-help,How Algonquin Homeowners Overcame a Stubborn Sewer Drain Clog with Professional Help,published,https://jblantonplumbing.com/knowledge-hub/45638-how-algonquin-homeowners-overcame-a-stubborn-sewer-drain-clog-with-professional-help,Uncategorized,Drains,Sewers,Algonquin,Medium,"Title/slug mentions 'drain' ×2. Location: Algonquin (title, High)",approve,
661,45637-the-hidden-dangers-of-delaying-burst-pipe-repair-in-arlington-heights,The Hidden Dangers of Delaying Burst Pipe Repair in Arlington Heights,published,https://jblantonplumbing.com/knowledge-hub/45637-the-hidden-dangers-of-delaying-burst-pipe-repair-in-arlington-heights,burst pipe repair,Emergency,,Arlington Heights,High,"Old WP category 'burst pipe repair'. Location: Arlington Heights (title, High)",approve,
660,45637-when-sewer-emergencies-strike-in-northbrook-a-step-by-step-guide-to-fast-repairs,When Sewer Emergencies Strike in Northbrook: A Step-by-Step Guide to Fast Repairs,published,https://jblantonplumbing.com/knowledge-hub/45637-when-sewer-emergencies-strike-in-northbrook-a-step-by-step-guide-to-fast-repairs,sewer repair,Sewers,,Northbrook,High,"Old WP category 'sewer repair'. Location: Northbrook (title, High)",approve,
659,45637-how-a-french-drain-system-solved-basement-flooding-challenges-in-naperville,How a French Drain System Solved Basement Flooding Challenges in Naperville,published,https://jblantonplumbing.com/knowledge-hub/45637-how-a-french-drain-system-solved-basement-flooding-challenges-in-naperville,basement flooding,Drains,,Naperville,High,"Old WP category 'basement flooding'. Location: Naperville (title, High)",approve,
658,45636-mchenry-winters-and-burst-pipes-top-causes-and-solutions,McHenry Winters and Burst Pipes: Top Causes and Solutions,published,https://jblantonplumbing.com/knowledge-hub/45636-mchenry-winters-and-burst-pipes-top-causes-and-solutions,burst pipe repair,Emergency,,McHenry,High,"Old WP category 'burst pipe repair'. Location: McHenry (title, High)",approve,
657,45636-how-sewer-line-inspections-help-north-and-northwest-side-chicago-homes-avoid-basement-flooding,How Sewer Line Inspections Help North and Northwest Side Chicago Homes Avoid Basement Flooding,published,https://jblantonplumbing.com/knowledge-hub/45636-how-sewer-line-inspections-help-north-and-northwest-side-chicago-homes-avoid-basement-flooding,basement flooding,Drains,,Chicagoland,High,"Old WP category 'basement flooding'. Location: Chicagoland (title ('Chicago' → region), High)",approve,
656,45636-avoid-cold-showers-in-evanston-a-complete-guide-to-scheduling-water-heater-maintenance,Avoid Cold Showers in Evanston: A Complete Guide to Scheduling Water Heater Maintenance,published,https://jblantonplumbing.com/knowledge-hub/45636-avoid-cold-showers-in-evanston-a-complete-guide-to-scheduling-water-heater-maintenance,water heater maintenance,Water Heaters,,Evanston,High,"Old WP category 'water heater maintenance'. Location: Evanston (title, High)",approve,
655,45635-understanding-commercial-water-heater-costs-key-insights-for-hinsdale-business-owners,Understanding Commercial Water Heater Costs: Key Insights for Hinsdale Business Owners,published,https://jblantonplumbing.com/knowledge-hub/45635-understanding-commercial-water-heater-costs-key-insights-for-hinsdale-business-owners,commercial water heater,Commercial,Water Heaters,Hinsdale,High,"Old WP category 'commercial water heater'. Location: Hinsdale (title, High)",approve,
654,45635-top-5-plumbing-issues-resolved-quickly-by-a-24-hour-plumber-in-elgin-illinois,"Top 5 Plumbing Issues Resolved Quickly by a 24 Hour Plumber in Elgin, Illinois",published,https://jblantonplumbing.com/knowledge-hub/45635-top-5-plumbing-issues-resolved-quickly-by-a-24-hour-plumber-in-elgin-illinois,emergency plumbing,Emergency,,Elgin,High,"Old WP category 'emergency plumbing'. Location: Elgin (title, High)",approve,
653,45635-catch-basins-and-basement-flooding-prevention-what-algonquin-homeowners-need-to-know,Catch Basins and Basement Flooding Prevention: What Algonquin Homeowners Need to Know,published,https://jblantonplumbing.com/knowledge-hub/45635-catch-basins-and-basement-flooding-prevention-what-algonquin-homeowners-need-to-know,basement flooding,Drains,,Algonquin,High,"Old WP category 'basement flooding'. Location: Algonquin (title, High)",approve,
652,45632-why-arlington-heights-businesses-need-the-perfect-sized-commercial-water-heater,Why Arlington Heights Businesses Need the Perfect-Sized Commercial Water Heater,published,https://jblantonplumbing.com/knowledge-hub/45632-why-arlington-heights-businesses-need-the-perfect-sized-commercial-water-heater,commercial water heater,Commercial,Water Heaters,Arlington Heights,High,"Old WP category 'commercial water heater'. Location: Arlington Heights (title, High)",approve,
651,45632-why-northbrook-homeowners-rely-on-24-hour-plumbing-services-top-5-benefits,Why Northbrook Homeowners Rely on 24 Hour Plumbing Services: Top 5 Benefits,published,https://jblantonplumbing.com/knowledge-hub/45632-why-northbrook-homeowners-rely-on-24-hour-plumbing-services-top-5-benefits,emergency plumbing,Emergency,,Northbrook,High,"Old WP category 'emergency plumbing'. Location: Northbrook (title, High)",approve,
650,45632-hot-water-choices-in-naperville-gas-vs-electric-on-demand-water-heaters-explained,Hot Water Choices in Naperville: Gas vs. Electric On Demand Water Heaters Explained,published,https://jblantonplumbing.com/knowledge-hub/45632-hot-water-choices-in-naperville-gas-vs-electric-on-demand-water-heaters-explained,residential water heater,Water Heaters,,Naperville,High,"Old WP category 'residential water heater'. Location: Naperville (title, High)",approve,
649,45631-case-study-transforming-hot-water-access-in-mchenry-with-a-tankless-water-heater,Case Study: Transforming Hot Water Access in McHenry with a Tankless Water Heater,published,https://jblantonplumbing.com/knowledge-hub/45631-case-study-transforming-hot-water-access-in-mchenry-with-a-tankless-water-heater,tankless water heater,Water Heaters,,McHenry,High,"Old WP category 'tankless water heater'. Location: McHenry (title, High)",approve,
648,45631-choosing-the-best-gas-leak-detector-for-your-north-and-northwest-side-chicago-home,Choosing the Best Gas Leak Detector for Your North and Northwest Side Chicago Home,published,https://jblantonplumbing.com/knowledge-hub/45631-choosing-the-best-gas-leak-detector-for-your-north-and-northwest-side-chicago-home,gas line leak detection,Gas Lines,,Chicagoland,High,"Old WP category 'gas line leak detection'. Location: Chicagoland (title ('Chicago' → region), High)",approve,
647,45631-choosing-the-right-water-heater-for-your-evanston-home-continuous-vs-traditional,Choosing the Right Water Heater for Your Evanston Home: Continuous vs. Traditional,published,https://jblantonplumbing.com/knowledge-hub/45631-choosing-the-right-water-heater-for-your-evanston-home-continuous-vs-traditional,residential water heater,Water Heaters,,Evanston,High,"Old WP category 'residential water heater'. Location: Evanston (title, High)",approve,
646,45630-efficient-hot-water-solutions-in-hinsdale-the-impact-of-switching-to-an-on-demand-water-heater,Efficient Hot Water Solutions in Hinsdale: The Impact of Switching to an On Demand Water Heater,published,https://jblantonplumbing.com/knowledge-hub/45630-efficient-hot-water-solutions-in-hinsdale-the-impact-of-switching-to-an-on-demand-water-heater,residential water heater,Water Heaters,,Hinsdale,High,"Old WP category 'residential water heater'. Location: Hinsdale (title, High)",approve,
645,45630-efficient-living-in-elgin-understanding-the-mechanics-of-on-demand-water-heaters,Efficient Living in Elgin: Understanding the Mechanics of On Demand Water Heaters,published,https://jblantonplumbing.com/knowledge-hub/45630-efficient-living-in-elgin-understanding-the-mechanics-of-on-demand-water-heaters,residential water heater,Water Heaters,,Elgin,High,"Old WP category 'residential water heater'. Location: Elgin (title, High)",approve,
644,45630-case-study-how-a-water-heater-upgrade-transformed-energy-use-for-an-algonquin-family,Case Study: How a Water Heater Upgrade Transformed Energy Use for an Algonquin Family,published,https://jblantonplumbing.com/knowledge-hub/45630-case-study-how-a-water-heater-upgrade-transformed-energy-use-for-an-algonquin-family,water heater installation,Water Heaters,,Algonquin,High,"Old WP category 'water heater installation'. Location: Algonquin (title, High)",approve,
643,45629-arlington-heights-homeowners-guide-to-effective-drain-cleaning-diy-vs-professional-service,Arlington Heights Homeowners’ Guide to Effective Drain Cleaning: DIY vs. Professional Service,published,https://jblantonplumbing.com/knowledge-hub/45629-arlington-heights-homeowners-guide-to-effective-drain-cleaning-diy-vs-professional-service,Uncategorized,Drains,Plumbing Tips,Arlington Heights,Medium,"Title/slug mentions 'drain' ×2. Location: Arlington Heights (title, High)",approve,
642,45629-safe-homes-in-northbrook-gas-leak-prevention-and-maintenance-tips,Safe Homes in Northbrook: Gas Leak Prevention and Maintenance Tips,published,https://jblantonplumbing.com/knowledge-hub/45629-safe-homes-in-northbrook-gas-leak-prevention-and-maintenance-tips,gas line leak detection,Gas Lines,,Northbrook,Low,"Old WP category 'gas line leak detection'. Locations: Northbrook (title, High); Chicagoland (body only, Low)",approve,Removed weak location(s): Chicagoland (body-only or ambiguous) — Marketing decision 2026-09-24
641,45629-preserving-napervilles-charm-a-plumbing-success-story-in-a-historic-home,Preserving Naperville’s Charm: A Plumbing Success Story in a Historic Home,published,https://jblantonplumbing.com/knowledge-hub/45629-preserving-napervilles-charm-a-plumbing-success-story-in-a-historic-home,Uncategorized,Plumbing Tips,,Naperville,Low,"Body mentions 'leak' ×3 (first 500 words; 9 topic words in all). Location: Naperville (title, High)",approve,
640,45628-mastering-water-heater-repairs-safe-fixes-for-mchenry-homeowners,Mastering Water Heater Repairs: Safe Fixes for McHenry Homeowners,published,https://jblantonplumbing.com/knowledge-hub/45628-mastering-water-heater-repairs-safe-fixes-for-mchenry-homeowners,water heater repair,Water Heaters,,McHenry,High,"Old WP category 'water heater repair'. Location: McHenry (title, High)",approve,
639,45628-choosing-the-perfect-on-demand-water-heater-top-5-tips-for-homes-on-chicagos-north-and-northwest-side,Choosing the Perfect On Demand Water Heater: Top 5 Tips for Homes on Chicago’s North and Northwest Side,published,https://jblantonplumbing.com/knowledge-hub/45628-choosing-the-perfect-on-demand-water-heater-top-5-tips-for-homes-on-chicagos-north-and-northwest-side,residential water heater,Water Heaters,,Chicagoland,High,"Old WP category 'residential water heater'. Location: Chicagoland (title ('Chicago' → region), High)",approve,
638,45628-winterproofing-evanston-homes-a-safe-approach-to-frozen-pipe-repair,Winterproofing Evanston Homes: A Safe Approach to Frozen Pipe Repair,published,https://jblantonplumbing.com/knowledge-hub/45628-winterproofing-evanston-homes-a-safe-approach-to-frozen-pipe-repair,burst pipe repair,Emergency,,Evanston,High,"Old WP category 'burst pipe repair'. Location: Evanston (title, High)",approve,
637,45625-hinsdales-efficiency-overhaul-how-a-commercial-water-heater-upgrade-transformed-a-local-business,Hinsdale’s Efficiency Overhaul: How a Commercial Water Heater Upgrade Transformed a Local Business,published,https://jblantonplumbing.com/knowledge-hub/45625-hinsdales-efficiency-overhaul-how-a-commercial-water-heater-upgrade-transformed-a-local-business,commercial water heater,Commercial,Water Heaters,Hinsdale,High,"Old WP category 'commercial water heater'. Location: Hinsdale (title, High)",approve,
636,45625-transform-your-elgin-kitchen-or-bathroom-with-cutting-edge-faucet-installation-options,Transform Your Elgin Kitchen or Bathroom with Cutting-Edge Faucet Installation Options,published,https://jblantonplumbing.com/knowledge-hub/45625-transform-your-elgin-kitchen-or-bathroom-with-cutting-edge-faucet-installation-options,Uncategorized,Plumbing Tips,,Elgin,Medium,"Title/slug mentions 'faucet' ×2. Location: Elgin (title, High)",approve,
635,45625-5-costly-consequences-of-ignoring-a-sewer-drain-clog-in-algonquin-homes,5 Costly Consequences of Ignoring a Sewer Drain Clog in Algonquin Homes,published,https://jblantonplumbing.com/knowledge-hub/45625-5-costly-consequences-of-ignoring-a-sewer-drain-clog-in-algonquin-homes,Uncategorized,Drains,Sewers,Algonquin,Medium,"Title/slug mentions 'drain' ×2. Location: Algonquin (title, High)",approve,
634,45624-arlington-heights-homeowners-guide-to-garbage-disposal-repairs,Arlington Heights Homeowner's Guide to Garbage Disposal Repairs,published,https://jblantonplumbing.com/knowledge-hub/45624-arlington-heights-homeowners-guide-to-garbage-disposal-repairs,Uncategorized,Plumbing Tips,,Arlington Heights,Medium,"Title/slug mentions 'garbage disposal' ×2. Location: Arlington Heights (title, High)",approve,
633,45624-diy-vs-professional-drain-service-what-northbrook-homeowners-need-to-know,DIY vs. Professional Drain Service: What Northbrook Homeowners Need to Know,published,https://jblantonplumbing.com/knowledge-hub/45624-diy-vs-professional-drain-service-what-northbrook-homeowners-need-to-know,Uncategorized,Drains,Plumbing Tips,Northbrook,Medium,"Title/slug mentions 'drain' ×2. Location: Northbrook (title, High)",approve,
632,45624-proactive-sewer-care-in-naperville-a-case-study-in-flood-prevention,Proactive Sewer Care in Naperville: A Case Study in Flood Prevention,published,https://jblantonplumbing.com/knowledge-hub/45624-proactive-sewer-care-in-naperville-a-case-study-in-flood-prevention,sewer maintenance,Sewers,,Naperville,High,"Old WP category 'sewer maintenance'. Location: Naperville (title, High)",approve,
631,45623-diy-gas-line-safety-how-to-use-a-gas-leak-detector-in-mchenry-homes,DIY Gas Line Safety: How to Use a Gas Leak Detector in McHenry Homes,published,https://jblantonplumbing.com/knowledge-hub/45623-diy-gas-line-safety-how-to-use-a-gas-leak-detector-in-mchenry-homes,gas line leak detection,Gas Lines,,McHenry,High,"Old WP category 'gas line leak detection'. Location: McHenry (title, High)",approve,
630,45623-when-to-diy-and-when-to-call-a-pro-kitchen-faucet-repairs-in-chicagos-north-and-northwest-side,When to DIY and When to Call a Pro: Kitchen Faucet Repairs in Chicago's North and Northwest Side,published,https://jblantonplumbing.com/knowledge-hub/45623-when-to-diy-and-when-to-call-a-pro-kitchen-faucet-repairs-in-chicagos-north-and-northwest-side,kitchen faucet repair and installation,Plumbing Tips,,Chicagoland,High,"Old WP category 'kitchen faucet repair and installation'. Location: Chicagoland (title ('Chicago' → region), High)",approve,
629,45623-transform-your-evanston-bathroom-top-benefits-of-shower-fixture-upgrades,Transform Your Evanston Bathroom: Top Benefits of Shower Fixture Upgrades,published,https://jblantonplumbing.com/knowledge-hub/45623-transform-your-evanston-bathroom-top-benefits-of-shower-fixture-upgrades,shower repair,Plumbing Tips,,Evanston,High,"Old WP category 'shower repair'. Location: Evanston (title, High)",approve,
628,45622-gas-line-installation-in-hinsdale-a-path-to-lower-energy-costs-and-greater-comfort,Gas Line Installation in Hinsdale: A Path to Lower Energy Costs and Greater Comfort,published,https://jblantonplumbing.com/knowledge-hub/45622-gas-line-installation-in-hinsdale-a-path-to-lower-energy-costs-and-greater-comfort,gas line installation,Gas Lines,,Hinsdale,High,"Old WP category 'gas line installation'. Location: Hinsdale (title, High)",approve,
627,45622-garbage-disposal-installation-in-elgin-budgeting-tips-for-your-home,Garbage Disposal Installation in Elgin: Budgeting Tips for Your Home,published,https://jblantonplumbing.com/knowledge-hub/45622-garbage-disposal-installation-in-elgin-budgeting-tips-for-your-home,Uncategorized,Plumbing Tips,,Elgin,Medium,"Title/slug mentions 'garbage disposal' ×2. Location: Elgin (title, High)",approve,
626,45622-case-studies-drain-camera-inspections-solving-plumbing-mysteries-in-algonquin,Case Studies: Drain Camera Inspections Solving Plumbing Mysteries in Algonquin,published,https://jblantonplumbing.com/knowledge-hub/45622-case-studies-drain-camera-inspections-solving-plumbing-mysteries-in-algonquin,sewer camera inspection,Sewers,,Algonquin,High,"Old WP category 'sewer camera inspection'. Location: Algonquin (title, High)",approve,
625,45621-prevent-plumbing-problems-in-arlington-heights-top-causes-of-leaks-and-repairs,Prevent Plumbing Problems in Arlington Heights: Top Causes of Leaks and Repairs,published,https://jblantonplumbing.com/knowledge-hub/45621-prevent-plumbing-problems-in-arlington-heights-top-causes-of-leaks-and-repairs,Uncategorized,Plumbing Tips,,Arlington Heights,Medium,"Title/slug mentions 'leaks' ×2. Location: Arlington Heights (title, High)",approve,
624,45621-top-innovations-in-gas-leak-detectors-to-keep-your-northbrook-home-safe,Top Innovations in Gas Leak Detectors To Keep Your Northbrook Home Safe,published,https://jblantonplumbing.com/knowledge-hub/45621-top-innovations-in-gas-leak-detectors-to-keep-your-northbrook-home-safe,gas line leak detection,Gas Lines,,Northbrook,High,"Old WP category 'gas line leak detection'. Location: Northbrook (title, High)",approve,
623,45621-naperville-plumbing-know-how-when-to-call-contractors-for-repairs-or-maintenance,Naperville Plumbing Know-How: When to Call Contractors for Repairs or Maintenance,published,https://jblantonplumbing.com/knowledge-hub/45621-naperville-plumbing-know-how-when-to-call-contractors-for-repairs-or-maintenance,Uncategorized,Plumbing Tips,,Naperville,Medium,"Title/slug mentions 'maintenance' ×2. Location: Naperville (title, High)",approve,
622,45618-troubleshooting-garbage-disposal-issues-like-a-pro-in-mchenry-illinois,"Troubleshooting Garbage Disposal Issues Like a Pro in McHenry, Illinois",published,https://jblantonplumbing.com/knowledge-hub/45618-troubleshooting-garbage-disposal-issues-like-a-pro-in-mchenry-illinois,Uncategorized,Plumbing Tips,,McHenry,Medium,"Title/slug mentions 'garbage disposal' ×2. Location: McHenry (title, High)",approve,
621,45618-5-dangers-of-ignoring-gas-line-leaks-a-warning-for-north-and-northwest-side-chicago-homes,5 Dangers of Ignoring Gas Line Leaks: A Warning for North and Northwest Side Chicago Homes,published,https://jblantonplumbing.com/knowledge-hub/45618-5-dangers-of-ignoring-gas-line-leaks-a-warning-for-north-and-northwest-side-chicago-homes,gas line leak detection,Gas Lines,,Chicagoland,High,"Old WP category 'gas line leak detection'. Location: Chicagoland (title ('Chicago' → region), High)",approve,
620,45618-transforming-evanston-kitchens-a-case-study-in-faucet-installation-success,Transforming Evanston Kitchens: A Case Study in Faucet Installation Success,published,https://jblantonplumbing.com/knowledge-hub/45618-transforming-evanston-kitchens-a-case-study-in-faucet-installation-success,kitchen faucet repair and installation,Plumbing Tips,,Evanston,High,"Old WP category 'kitchen faucet repair and installation'. Location: Evanston (title, High)",approve,
619,45617-how-hinsdale-residents-can-get-ready-for-a-professional-garbage-disposal-installation,How Hinsdale Residents Can Get Ready for a Professional Garbage Disposal Installation,published,https://jblantonplumbing.com/knowledge-hub/45617-how-hinsdale-residents-can-get-ready-for-a-professional-garbage-disposal-installation,Uncategorized,Plumbing Tips,,Hinsdale,Medium,"Title/slug mentions 'garbage disposal' ×2. Location: Hinsdale (title, High)",approve,
618,45617-high-efficiency-ejector-pumps-a-smart-upgrade-for-elgins-historic-and-modern-homes,High-Efficiency Ejector Pumps: A Smart Upgrade for Elgin’s Historic and Modern Homes,published,https://jblantonplumbing.com/knowledge-hub/45617-high-efficiency-ejector-pumps-a-smart-upgrade-for-elgins-historic-and-modern-homes,ejector pump,Drains,,Elgin,High,"Old WP category 'ejector pump'. Location: Elgin (title, High)",approve,
617,45617-how-neglected-sewer-lines-in-algonquin-homes-can-lead-to-big-expenses,How Neglected Sewer Lines in Algonquin Homes Can Lead to Big Expenses,published,https://jblantonplumbing.com/knowledge-hub/45617-how-neglected-sewer-lines-in-algonquin-homes-can-lead-to-big-expenses,sewer maintenance,Sewers,,Algonquin,High,"Old WP category 'sewer maintenance'. Location: Algonquin (title, High)",approve,
616,45616-a-comprehensive-guide-to-garbage-disposal-repair-and-maintenance-for-arlington-heights-homes,A Comprehensive Guide to Garbage Disposal Repair and Maintenance for Arlington Heights Homes,published,https://jblantonplumbing.com/knowledge-hub/45616-a-comprehensive-guide-to-garbage-disposal-repair-and-maintenance-for-arlington-heights-homes,Uncategorized,Plumbing Tips,,Arlington Heights,Medium,"Title/slug mentions 'garbage disposal' ×2. Location: Arlington Heights (title, High)",approve,
615,45616-sustainable-plumbing-practices-in-northbrook-the-environmental-impact-of-well-maintained-drain-basins,Sustainable Plumbing Practices in Northbrook: The Environmental Impact of Well-Maintained Drain Basins,published,https://jblantonplumbing.com/knowledge-hub/45616-sustainable-plumbing-practices-in-northbrook-the-environmental-impact-of-well-maintained-drain-basins,Uncategorized,Drains,,Northbrook,Low,"Title/slug mentions 'drain' ×2. Locations: Northbrook (title, High); Chicagoland (body only, Low)",approve,Removed weak location(s): Chicagoland (body-only or ambiguous) — Marketing decision 2026-09-24
614,45616-naperville-homeowners-how-to-fix-low-water-pressure-in-your-shower-with-ease,Naperville Homeowners: How to Fix Low Water Pressure in Your Shower with Ease,published,https://jblantonplumbing.com/knowledge-hub/45616-naperville-homeowners-how-to-fix-low-water-pressure-in-your-shower-with-ease,shower repair,Plumbing Tips,,Naperville,High,"Old WP category 'shower repair'. Location: Naperville (title, High)",approve,
613,45615-choosing-the-best-garbage-disposal-for-your-mchenry-kitchen-a-step-by-step-guide,Choosing the Best Garbage Disposal for Your McHenry Kitchen: A Step-by-Step Guide,published,https://jblantonplumbing.com/knowledge-hub/45615-choosing-the-best-garbage-disposal-for-your-mchenry-kitchen-a-step-by-step-guide,Uncategorized,Plumbing Tips,,McHenry,Medium,"Title/slug mentions 'kitchen' ×2. Location: McHenry (title, High)",approve,
612,45615-top-indicators-that-your-kitchen-faucet-needs-an-upgrade-in-chicagos-north-side-homes,Top Indicators That Your Kitchen Faucet Needs an Upgrade in Chicago’s North Side Homes,published,https://jblantonplumbing.com/knowledge-hub/45615-top-indicators-that-your-kitchen-faucet-needs-an-upgrade-in-chicagos-north-side-homes,kitchen faucet repair and installation,Plumbing Tips,,Chicagoland,High,"Old WP category 'kitchen faucet repair and installation'. Location: Chicagoland (title ('Chicago' → region), High)",approve,
611,45615-why-evanston-residents-are-turning-to-hydro-jetting-for-these-common-plumbing-problems,Why Evanston Residents Are Turning to Hydro Jetting for These Common Plumbing Problems,published,https://jblantonplumbing.com/knowledge-hub/45615-why-evanston-residents-are-turning-to-hydro-jetting-for-these-common-plumbing-problems,hydro jetting,Drains,Sewers,Evanston,High,"Old WP category 'hydro jetting'. Location: Evanston (title, High)",approve,
610,45614-safely-powering-your-home-in-hinsdale-a-guide-to-choosing-the-right-gas-line-for-your-appliances,Safely Powering Your Home in Hinsdale: A Guide to Choosing the Right Gas Line for Your Appliances,published,https://jblantonplumbing.com/knowledge-hub/45614-safely-powering-your-home-in-hinsdale-a-guide-to-choosing-the-right-gas-line-for-your-appliances,gas line installation,Gas Lines,,Hinsdale,High,"Old WP category 'gas line installation'. Location: Hinsdale (title, High)",approve,
609,45614-preventing-plumbing-problems-in-elgin-the-benefits-of-professional-garbage-disposal-installation,Preventing Plumbing Problems in Elgin: The Benefits of Professional Garbage Disposal Installation,published,https://jblantonplumbing.com/knowledge-hub/45614-preventing-plumbing-problems-in-elgin-the-benefits-of-professional-garbage-disposal-installation,Uncategorized,Plumbing Tips,,Elgin,Medium,"Title/slug mentions 'garbage disposal' ×2. Location: Elgin (title, High)",approve,
608,45614-algonquins-guide-to-resolving-sewer-drain-clogs-and-restoring-plumbing-efficiency,Algonquin’s Guide to Resolving Sewer Drain Clogs and Restoring Plumbing Efficiency,published,https://jblantonplumbing.com/knowledge-hub/45614-algonquins-guide-to-resolving-sewer-drain-clogs-and-restoring-plumbing-efficiency,Uncategorized,Drains,Sewers,Algonquin,Medium,"Title/slug mentions 'drain' ×2. Location: Algonquin (title, High)",approve,
607,45611-elevate-your-arlington-heights-kitchen-with-expert-faucet-installation-services,Elevate Your Arlington Heights Kitchen with Expert Faucet Installation Services,published,https://jblantonplumbing.com/knowledge-hub/45611-elevate-your-arlington-heights-kitchen-with-expert-faucet-installation-services,kitchen faucet repair and installation,Plumbing Tips,,Arlington Heights,High,"Old WP category 'kitchen faucet repair and installation'. Location: Arlington Heights (title, High)",approve,
606,45611-prevent-basement-flooding-in-northbrook-a-technical-breakdown-of-sump-pump-systems,Prevent Basement Flooding in Northbrook: A Technical Breakdown of Sump Pump Systems,published,https://jblantonplumbing.com/knowledge-hub/45611-prevent-basement-flooding-in-northbrook-a-technical-breakdown-of-sump-pump-systems,basement flooding,Drains,,Northbrook,Low,"Old WP category 'basement flooding'. Locations: Northbrook (title, High); Chicagoland (body only, Low)",approve,Removed weak location(s): Chicagoland (body-only or ambiguous) — Marketing decision 2026-09-24
605,45611-professional-drain-cleaning-in-naperville-the-ultimate-guide-to-unclogging-drains,Professional Drain Cleaning in Naperville: The Ultimate Guide to Unclogging Drains,published,https://jblantonplumbing.com/knowledge-hub/45611-professional-drain-cleaning-in-naperville-the-ultimate-guide-to-unclogging-drains,Uncategorized,Drains,,Naperville,Medium,"Title/slug mentions 'drain' ×2. Location: Naperville (title, High)",approve,
604,45610-how-hard-water-impacts-tankless-water-heaters-in-mchenry-and-ways-to-combat-it,How Hard Water Impacts Tankless Water Heaters in McHenry and Ways to Combat It,published,https://jblantonplumbing.com/knowledge-hub/45610-how-hard-water-impacts-tankless-water-heaters-in-mchenry-and-ways-to-combat-it,tankless water heater,Water Heaters,,McHenry,High,"Old WP category 'tankless water heater'. Location: McHenry (title, High)",approve,
603,45610-preventing-ceiling-water-damage-in-north-chicago-the-importance-of-quick-leak-repairs,Preventing Ceiling Water Damage in North Chicago: The Importance of Quick Leak Repairs,published,https://jblantonplumbing.com/knowledge-hub/45610-preventing-ceiling-water-damage-in-north-chicago-the-importance-of-quick-leak-repairs,Uncategorized,Plumbing Tips,,North Chicago,Low,"Title/slug mentions 'leak' ×2. Locations: North Chicago (title, High); Chicagoland (body only, Low)",approve,Removed weak location(s): Chicagoland (body-only or ambiguous) — Marketing decision 2026-09-24
602,45610-why-evanston-homeowners-should-prioritize-flushing-their-tankless-water-heaters-top-5-benefits,Why Evanston Homeowners Should Prioritize Flushing Their Tankless Water Heaters: Top 5 Benefits,published,https://jblantonplumbing.com/knowledge-hub/45610-why-evanston-homeowners-should-prioritize-flushing-their-tankless-water-heaters-top-5-benefits,water heater maintenance,Water Heaters,,Evanston,High,"Old WP category 'water heater maintenance'. Location: Evanston (title, High)",approve,
601,45609-top-reasons-to-keep-your-hinsdale-homes-drains-clear-and-flowing,Top Reasons to Keep Your Hinsdale Home’s Drains Clear and Flowing,published,https://jblantonplumbing.com/knowledge-hub/45609-top-reasons-to-keep-your-hinsdale-homes-drains-clear-and-flowing,Uncategorized,Drains,,Hinsdale,Medium,"Title/slug mentions 'drains' ×2. Location: Hinsdale (title, High)",approve,
600,45609-keeping-your-elgin-homes-on-demand-water-heater-running-smoothly-essential-maintenance-tips,Keeping Your Elgin Home’s On Demand Water Heater Running Smoothly: Essential Maintenance Tips,published,https://jblantonplumbing.com/knowledge-hub/45609-keeping-your-elgin-homes-on-demand-water-heater-running-smoothly-essential-maintenance-tips,residential water heater,Water Heaters,,Elgin,High,"Old WP category 'residential water heater'. Location: Elgin (title, High)",approve,
599,45609-preventing-basement-flooding-in-algonquin-a-step-by-step-guide-to-sewer-maintenance,Preventing Basement Flooding in Algonquin: A Step-by-Step Guide to Sewer Maintenance,published,https://jblantonplumbing.com/knowledge-hub/45609-preventing-basement-flooding-in-algonquin-a-step-by-step-guide-to-sewer-maintenance,basement flooding,Drains,,Algonquin,High,"Old WP category 'basement flooding'. Location: Algonquin (title, High)",approve,
598,45608-unclog-drains-in-arlington-heights-how-hydro-jetting-keeps-your-plumbing-flowing-smoothly,Unclog Drains in Arlington Heights: How Hydro Jetting Keeps Your Plumbing Flowing Smoothly,published,https://jblantonplumbing.com/knowledge-hub/45608-unclog-drains-in-arlington-heights-how-hydro-jetting-keeps-your-plumbing-flowing-smoothly,Uncategorized,Drains,,Arlington Heights,Medium,"Title/slug mentions 'drains' ×2. Location: Arlington Heights (title, High)",approve,
597,45608-why-northbrook-residents-trust-24-hour-plumbing-services-to-safeguard-their-homes,Why Northbrook Residents Trust 24 Hour Plumbing Services to Safeguard Their Homes,published,https://jblantonplumbing.com/knowledge-hub/45608-why-northbrook-residents-trust-24-hour-plumbing-services-to-safeguard-their-homes,emergency plumbing,Emergency,,Northbrook,Low,"Old WP category 'emergency plumbing'. Locations: Northbrook (title, High); Chicagoland (body only, Low)",approve,Removed weak location(s): Chicagoland (body-only or ambiguous) — Marketing decision 2026-09-24
596,45608-naperville-case-study-how-proactive-plumbing-repairs-saved-a-home-from-recurring-flooding,Naperville Case Study: How Proactive Plumbing Repairs Saved a Home from Recurring Flooding,published,https://jblantonplumbing.com/knowledge-hub/45608-naperville-case-study-how-proactive-plumbing-repairs-saved-a-home-from-recurring-flooding,basement flooding,Drains,,Naperville,High,"Old WP category 'basement flooding'. Location: Naperville (title, High)",approve,
595,45607-mchenrys-guide-to-fixing-the-5-most-common-residential-water-heater-issues,McHenry’s Guide to Fixing the 5 Most Common Residential Water Heater Issues,published,https://jblantonplumbing.com/knowledge-hub/45607-mchenrys-guide-to-fixing-the-5-most-common-residential-water-heater-issues,residential water heater,Water Heaters,,McHenry,High,"Old WP category 'residential water heater'. Location: McHenry (title, High)",approve,
594,45607-a-step-by-step-guide-to-preparing-for-hydro-jetting-in-north-chicago-neighborhoods,A Step-by-Step Guide to Preparing for Hydro Jetting in North Chicago Neighborhoods,published,https://jblantonplumbing.com/knowledge-hub/45607-a-step-by-step-guide-to-preparing-for-hydro-jetting-in-north-chicago-neighborhoods,hydro jetting,Drains,Sewers,North Chicago,Low,"Old WP category 'hydro jetting'. Locations: North Chicago (title, High); Chicagoland (body only, Low)",approve,Removed weak location(s): Chicagoland (body-only or ambiguous) — Marketing decision 2026-09-24
593,45607-evanstons-guide-to-energy-efficient-homes-the-impact-of-water-heater-maintenance,Evanston's Guide to Energy-Efficient Homes: The Impact of Water Heater Maintenance,published,https://jblantonplumbing.com/knowledge-hub/45607-evanstons-guide-to-energy-efficient-homes-the-impact-of-water-heater-maintenance,water heater maintenance,Water Heaters,,Evanston,High,"Old WP category 'water heater maintenance'. Location: Evanston (title, High)",approve,
592,45604-5-urgent-indicators-for-commercial-water-heater-repair-every-hinsdale-business-should-know,5 Urgent Indicators for Commercial Water Heater Repair Every Hinsdale Business Should Know,published,https://jblantonplumbing.com/knowledge-hub/45604-5-urgent-indicators-for-commercial-water-heater-repair-every-hinsdale-business-should-know,commercial water heater,Commercial,Water Heaters,Hinsdale,High,"Old WP category 'commercial water heater'. Location: Hinsdale (title, High)",approve,
591,45604-new-standards-for-commercial-water-heaters-what-elgin-business-owners-need-to-know,New Standards for Commercial Water Heaters: What Elgin Business Owners Need to Know,published,https://jblantonplumbing.com/knowledge-hub/45604-new-standards-for-commercial-water-heaters-what-elgin-business-owners-need-to-know,commercial water heater,Commercial,Water Heaters,Elgin,High,"Old WP category 'commercial water heater'. Location: Elgin (title, High)",approve,
590,45604-why-algonquin-residents-shouldnt-skip-flushing-their-tankless-water-heater-common-issues-revealed,Why Algonquin Residents Shouldn't Skip Flushing Their Tankless Water Heater: Common Issues Revealed,published,https://jblantonplumbing.com/knowledge-hub/45604-why-algonquin-residents-shouldnt-skip-flushing-their-tankless-water-heater-common-issues-revealed,water heater maintenance,Water Heaters,,Algonquin,High,"Old WP category 'water heater maintenance'. Location: Algonquin (title, High)",approve,
589,45603-5-essential-tips-for-keeping-your-arlington-heights-tankless-water-heater-running-smoothly,5 Essential Tips for Keeping Your Arlington Heights Tankless Water Heater Running Smoothly,published,https://jblantonplumbing.com/knowledge-hub/45603-5-essential-tips-for-keeping-your-arlington-heights-tankless-water-heater-running-smoothly,tankless water heater,Water Heaters,,Arlington Heights,High,"Old WP category 'tankless water heater'. Location: Arlington Heights (title, High)",approve,
588,45603-top-5-things-northbrook-homeowners-should-know-before-water-heater-installation,Top 5 Things Northbrook Homeowners Should Know Before Water Heater Installation,published,https://jblantonplumbing.com/knowledge-hub/45603-top-5-things-northbrook-homeowners-should-know-before-water-heater-installation,water heater installation,Water Heaters,,Northbrook,High,"Old WP category 'water heater installation'. Location: Northbrook (title, High)",approve,
587,45603-navigating-plumbing-services-in-naperville-what-every-homeowner-should-know,Navigating Plumbing Services in Naperville: What Every Homeowner Should Know,published,https://jblantonplumbing.com/knowledge-hub/45603-navigating-plumbing-services-in-naperville-what-every-homeowner-should-know,Uncategorized,Plumbing Tips,,Naperville,Low,"Body mentions 'leaks' ×6 (first 500 words; 19 topic words in all). Location: Naperville (title, High)",approve,
586,45602-energy-savings-for-mchenry-residents-the-benefits-of-switching-to-a-continuous-water-heater,Energy Savings for McHenry Residents: The Benefits of Switching to a Continuous Water Heater,published,https://jblantonplumbing.com/knowledge-hub/45602-energy-savings-for-mchenry-residents-the-benefits-of-switching-to-a-continuous-water-heater,residential water heater,Water Heaters,,McHenry,High,"Old WP category 'residential water heater'. Location: McHenry (title, High)",approve,
585,45602-north-chicagos-guide-to-on-demand-water-heater-installation-what-homeowners-need-to-know,North Chicago's Guide to On Demand Water Heater Installation: What Homeowners Need to Know,published,https://jblantonplumbing.com/knowledge-hub/45602-north-chicagos-guide-to-on-demand-water-heater-installation-what-homeowners-need-to-know,commercial water heater,Commercial,Water Heaters,North Chicago,Low,"Old WP category 'commercial water heater'. Locations: North Chicago (title, High); Chicagoland (body only, Low)",approve,Removed weak location(s): Chicagoland (body-only or ambiguous) — Marketing decision 2026-09-24
584,45602-evanston-water-heater-care-5-maintenance-mistakes-and-how-to-avoid-them,Evanston Water Heater Care: 5 Maintenance Mistakes and How to Avoid Them,published,https://jblantonplumbing.com/knowledge-hub/45602-evanston-water-heater-care-5-maintenance-mistakes-and-how-to-avoid-them,commercial water heater,Commercial,Water Heaters,Evanston,High,"Old WP category 'commercial water heater'. Location: Evanston (title, High)",approve,
583,45601-sustainable-solutions-for-hinsdale-businesses-upgrade-your-commercial-water-heater-for-energy-efficiency,Sustainable Solutions for Hinsdale Businesses: Upgrade Your Commercial Water Heater for Energy Efficiency,published,https://jblantonplumbing.com/knowledge-hub/45601-sustainable-solutions-for-hinsdale-businesses-upgrade-your-commercial-water-heater-for-energy-efficiency,commercial water heater,Commercial,Water Heaters,Hinsdale,High,"Old WP category 'commercial water heater'. Location: Hinsdale (title, High)",approve,
582,45601-replace-a-water-heater-in-elgin-comparing-traditional-and-tankless-solutions-for-your-home,Replace a Water Heater in Elgin: Comparing Traditional and Tankless Solutions for Your Home,published,https://jblantonplumbing.com/knowledge-hub/45601-replace-a-water-heater-in-elgin-comparing-traditional-and-tankless-solutions-for-your-home,water heater installation,Water Heaters,,Elgin,High,"Old WP category 'water heater installation'. Location: Elgin (title, High)",approve,
581,45601-case-study-the-benefits-of-flushing-tankless-water-heaters-for-algonquin-residents,Case Study: The Benefits of Flushing Tankless Water Heaters for Algonquin Residents,published,https://jblantonplumbing.com/knowledge-hub/45601-case-study-the-benefits-of-flushing-tankless-water-heaters-for-algonquin-residents,water heater maintenance,Water Heaters,,Algonquin,High,"Old WP category 'water heater maintenance'. Location: Algonquin (title, High)",approve,
580,45600-why-arlington-heights-homeowners-are-choosing-on-demand-water-heaters-for-a-greener-future,Why Arlington Heights Homeowners are Choosing On Demand Water Heaters for a Greener Future,published,https://jblantonplumbing.com/knowledge-hub/45600-why-arlington-heights-homeowners-are-choosing-on-demand-water-heaters-for-a-greener-future,residential water heater,Water Heaters,,Arlington Heights,High,"Old WP category 'residential water heater'. Location: Arlington Heights (title, High)",approve,
579,45600-case-study-the-power-of-regular-water-heater-maintenance-for-northbrook-homes,Case Study: The Power of Regular Water Heater Maintenance for Northbrook Homes,published,https://jblantonplumbing.com/knowledge-hub/45600-case-study-the-power-of-regular-water-heater-maintenance-for-northbrook-homes,water heater maintenance,Water Heaters,,Northbrook,High,"Old WP category 'water heater maintenance'. Location: Northbrook (title, High)",approve,
578,45600-napervilles-guide-to-plumbing-repairs-common-issues-and-how-pros-can-help,Naperville’s Guide to Plumbing Repairs: Common Issues and How Pros Can Help,published,https://jblantonplumbing.com/knowledge-hub/45600-napervilles-guide-to-plumbing-repairs-common-issues-and-how-pros-can-help,Uncategorized,Plumbing Tips,,Naperville,Low,"Body mentions 'water pressure' ×3 (first 500 words; 19 topic words in all). Location: Naperville (title, High)",approve,
577,45597-5-surprising-challenges-in-water-heater-repair-lessons-learned-from-mchenry-home,5 Surprising Challenges in Water Heater Repair: Lessons Learned from McHenry Home,published,https://jblantonplumbing.com/knowledge-hub/45597-5-surprising-challenges-in-water-heater-repair-lessons-learned-from-mchenry-home,water heater repair,Water Heaters,,McHenry,High,"Old WP category 'water heater repair'. Location: McHenry (title, High)",approve,
576,45597-5-key-indicators-of-basement-flooding-risk-and-solutions-for-the-north-and-northwest-side,5 Key Indicators of Basement Flooding Risk and Solutions for the North and Northwest Side,published,https://jblantonplumbing.com/knowledge-hub/45597-5-key-indicators-of-basement-flooding-risk-and-solutions-for-the-north-and-northwest-side,basement flooding,Drains,,,Low,"Old WP category 'basement flooding'. Location: Chicagoland (body only, Low)",approve,Removed weak location(s): Chicagoland (body-only or ambiguous) — Marketing decision 2026-09-24
575,45597-ejector-pump-upgrades-every-evanston-homeowner-should-know-about,Ejector Pump Upgrades Every Evanston Homeowner Should Know About,published,https://jblantonplumbing.com/knowledge-hub/45597-ejector-pump-upgrades-every-evanston-homeowner-should-know-about,ejector pump,Drains,,Evanston,High,"Old WP category 'ejector pump'. Location: Evanston (title, High)",approve,
574,45596-case-study-preventing-winter-water-damage-in-hinsdale-through-expert-frozen-pipe-repair,Case Study: Preventing Winter Water Damage in Hinsdale Through Expert Frozen Pipe Repair,published,https://jblantonplumbing.com/knowledge-hub/45596-case-study-preventing-winter-water-damage-in-hinsdale-through-expert-frozen-pipe-repair,burst pipe repair,Emergency,,Hinsdale,High,"Old WP category 'burst pipe repair'. Location: Hinsdale (title, High)",approve,
573,45596-after-hours-plumbing-in-elgin-your-essential-guide-to-emergency-home-care,After-Hours Plumbing in Elgin: Your Essential Guide to Emergency Home Care,published,https://jblantonplumbing.com/knowledge-hub/45596-after-hours-plumbing-in-elgin-your-essential-guide-to-emergency-home-care,emergency plumbing,Emergency,,Elgin,High,"Old WP category 'emergency plumbing'. Location: Elgin (title, High)",approve,
572,45596-how-catch-basins-keep-algonquins-drains-clear-and-prevent-flooding-issues,How Catch Basins Keep Algonquin’s Drains Clear and Prevent Flooding Issues,published,https://jblantonplumbing.com/knowledge-hub/45596-how-catch-basins-keep-algonquins-drains-clear-and-prevent-flooding-issues,Uncategorized,Drains,,Algonquin,Medium,"Title/slug mentions 'drains' ×2. Location: Algonquin (title, High)",approve,
571,45595-drain-basin-selection-made-easy-for-arlington-heights-properties-what-you-need-to-know,Drain Basin Selection Made Easy for Arlington Heights Properties: What You Need to Know,published,https://jblantonplumbing.com/knowledge-hub/45595-drain-basin-selection-made-easy-for-arlington-heights-properties-what-you-need-to-know,Uncategorized,Drains,,Arlington Heights,Medium,"Title/slug mentions 'drain' ×2. Location: Arlington Heights (title, High)",approve,
570,45594-when-to-call-a-blocked-drain-plumber-top-warning-signs-for-chicagos-north-and-northwest-side-residents,When to Call a Blocked Drain Plumber: Top Warning Signs for Chicago’s North and Northwest Side Residents,published,https://jblantonplumbing.com/knowledge-hub/45594-when-to-call-a-blocked-drain-plumber-top-warning-signs-for-chicagos-north-and-northwest-side-residents,Uncategorized,Drains,,Chicagoland,Medium,"Title/slug mentions 'drain' ×2. Location: Chicagoland (title ('Chicago' → region), High)",approve,
569,45594-stay-safe-and-dry-plumbing-emergency-prevention-tips-for-evanston-homeowners,Stay Safe and Dry: Plumbing Emergency Prevention Tips for Evanston Homeowners,published,https://jblantonplumbing.com/knowledge-hub/45594-stay-safe-and-dry-plumbing-emergency-prevention-tips-for-evanston-homeowners,emergency plumbing,Emergency,,Evanston,High,"Old WP category 'emergency plumbing'. Location: Evanston (title, High)",approve,
568,45593-preventing-flooding-in-hinsdale-fixing-common-drain-basin-problems-with-ease,Preventing Flooding in Hinsdale: Fixing Common Drain Basin Problems with Ease,published,https://jblantonplumbing.com/knowledge-hub/45593-preventing-flooding-in-hinsdale-fixing-common-drain-basin-problems-with-ease,Uncategorized,Drains,,Hinsdale,Medium,"Title/slug mentions 'drain' ×2. Location: Hinsdale (title, High)",approve,
567,45595-why-northbrook-homeowners-should-worry-about-basement-flooding-and-foundation-health,Why Northbrook Homeowners Should Worry About Basement Flooding and Foundation Health,published,https://jblantonplumbing.com/knowledge-hub/45595-why-northbrook-homeowners-should-worry-about-basement-flooding-and-foundation-health,basement flooding,Drains,,Northbrook,High,"Old WP category 'basement flooding'. Location: Northbrook (title, High)",approve,
566,45595-naperville-homeowners-your-guide-to-choosing-the-right-basement-waterproofing-system,Naperville Homeowners: Your Guide to Choosing the Right Basement Waterproofing System,published,https://jblantonplumbing.com/knowledge-hub/45595-naperville-homeowners-your-guide-to-choosing-the-right-basement-waterproofing-system,basement flooding,Drains,,Naperville,High,"Old WP category 'basement flooding'. Location: Naperville (title, High)",approve,
565,45594-how-mchenrys-plumbing-services-are-enhanced-by-the-latest-technology,How McHenry’s Plumbing Services Are Enhanced by the Latest Technology,published,https://jblantonplumbing.com/knowledge-hub/45594-how-mchenrys-plumbing-services-are-enhanced-by-the-latest-technology,Uncategorized,Plumbing Tips,,McHenry,Low,"Body mentions 'pipe' ×4 (first 500 words; 14 topic words in all). Location: McHenry (title, High)",approve,
564,45593-when-a-pipe-leak-strikes-how-an-elgin-homeowner-found-relief-with-j-blanton-plubing-your-local-plumbing-contractors,When a Pipe Leak Strikes: How an Elgin Homeowner Found Relief with J Blanton Plumbing Your Local Plumbing Contractors,published,https://jblantonplumbing.com/knowledge-hub/45593-when-a-pipe-leak-strikes-how-an-elgin-homeowner-found-relief-with-j-blanton-plubing-your-local-plumbing-contractors,Uncategorized,Plumbing Tips,,Elgin,Medium,"Title/slug mentions 'leak' ×2. Location: Elgin (title, High)",approve,
563,45593-basement-flooding-in-algonquin-the-unexpected-expenses-every-homeowner-should-know,Basement Flooding in Algonquin: The Unexpected Expenses Every Homeowner Should Know,published,https://jblantonplumbing.com/knowledge-hub/45593-basement-flooding-in-algonquin-the-unexpected-expenses-every-homeowner-should-know,basement flooding,Drains,,Algonquin,High,"Old WP category 'basement flooding'. Location: Algonquin (title, High)",approve,
562,45590-winter-in-arlington-heights-top-5-signs-your-pipes-are-frozen-and-need-immediate-repair,Winter in Arlington Heights: Top 5 Signs Your Pipes Are Frozen and Need Immediate Repair,published,https://jblantonplumbing.com/knowledge-hub/45590-winter-in-arlington-heights-top-5-signs-your-pipes-are-frozen-and-need-immediate-repair,burst pipe repair,Emergency,,Arlington Heights,High,"Old WP category 'burst pipe repair'. Location: Arlington Heights (title, High)",approve,
561,45590-northbrooks-solution-for-cost-effective-plumbing-repairs-camera-drain-inspections-explained,Northbrook’s Solution for Cost-Effective Plumbing Repairs: Camera Drain Inspections Explained,published,https://jblantonplumbing.com/knowledge-hub/45590-northbrooks-solution-for-cost-effective-plumbing-repairs-camera-drain-inspections-explained,Uncategorized,Drains,,Northbrook,Medium,"Title/slug mentions 'drain' ×2. Location: Northbrook (title, High)",approve,
560,45590-how-naperville-residents-can-benefit-from-new-sewage-line-backup-technologies,How Naperville Residents Can Benefit from New Sewage Line Backup Technologies,published,https://jblantonplumbing.com/knowledge-hub/45590-how-naperville-residents-can-benefit-from-new-sewage-line-backup-technologies,Uncategorized,Sewers,,Naperville,Medium,"Title/slug mentions 'sewage' ×2. Location: Naperville (title, High)",approve,
559,45589-how-quick-burst-pipe-repair-saved-a-mchenry-home-from-severe-water-damage,How Quick Burst Pipe Repair Saved a McHenry Home from Severe Water Damage,published,https://jblantonplumbing.com/knowledge-hub/45589-how-quick-burst-pipe-repair-saved-a-mchenry-home-from-severe-water-damage,burst pipe repair,Emergency,,McHenry,High,"Old WP category 'burst pipe repair'. Location: McHenry (title, High)",approve,
558,45589-why-regular-drain-basin-care-is-essential-for-flood-prevention-in-chicagos-north-and-northwest-side,Why Regular Drain Basin Care is Essential for Flood Prevention in Chicago's North and Northwest Side,published,https://jblantonplumbing.com/knowledge-hub/45589-why-regular-drain-basin-care-is-essential-for-flood-prevention-in-chicagos-north-and-northwest-side,Uncategorized,Drains,,Chicagoland,Medium,"Title/slug mentions 'drain' ×2. Location: Chicagoland (title ('Chicago' → region), High)",approve,
557,45589-tackling-tough-sewer-blockages-in-evanston-a-hydro-jetting-success-story,Tackling Tough Sewer Blockages in Evanston: A Hydro Jetting Success Story,published,https://jblantonplumbing.com/knowledge-hub/45589-tackling-tough-sewer-blockages-in-evanston-a-hydro-jetting-success-story,hydro jetting,Drains,Sewers,Evanston,High,"Old WP category 'hydro jetting'. Location: Evanston (title, High)",approve,
556,45588-top-5-signs-hinsdale-homeowners-need-a-professional-sewer-drain-clearing,Top 5 Signs Hinsdale Homeowners Need a Professional Sewer Drain Clearing,published,https://jblantonplumbing.com/knowledge-hub/45588-top-5-signs-hinsdale-homeowners-need-a-professional-sewer-drain-clearing,Uncategorized,Sewers,Drains,Hinsdale,Medium,"Title/slug mentions 'sewer' ×2. Location: Hinsdale (title, High)",approve,
555,45588-elgins-hidden-plumbing-risks-how-regular-sewer-maintenance-saved-one-family-from-disaster,Elgin's Hidden Plumbing Risks: How Regular Sewer Maintenance Saved One Family from Disaster,published,https://jblantonplumbing.com/knowledge-hub/45588-elgins-hidden-plumbing-risks-how-regular-sewer-maintenance-saved-one-family-from-disaster,sewer maintenance,Sewers,,Elgin,High,"Old WP category 'sewer maintenance'. Location: Elgin (title, High)",approve,
554,45588-why-algonquin-homeowners-should-prioritize-regular-sewer-drain-clearing-for-a-healthy-plumbing-system,Why Algonquin Homeowners Should Prioritize Regular Sewer Drain Clearing for a Healthy Plumbing System,published,https://jblantonplumbing.com/knowledge-hub/45588-why-algonquin-homeowners-should-prioritize-regular-sewer-drain-clearing-for-a-healthy-plumbing-system,Uncategorized,Sewers,Drains,Algonquin,Medium,"Title/slug mentions 'sewer' ×2. Location: Algonquin (title, High)",approve,
553,45587-sewer-line-breaks-in-arlington-heights-what-you-need-to-know-about-repair-costs,Sewer Line Breaks in Arlington Heights: What You Need to Know About Repair Costs,published,https://jblantonplumbing.com/knowledge-hub/45587-sewer-line-breaks-in-arlington-heights-what-you-need-to-know-about-repair-costs,sewer repair,Sewers,,Arlington Heights,High,"Old WP category 'sewer repair'. Location: Arlington Heights (title, High)",approve,
552,45587-diy-sewer-line-cleanout-in-northbrook-when-to-tackle-it-and-when-to-call-j-blanton-plumbing,DIY Sewer Line Cleanout in Northbrook: When to Tackle It and When to Call J Blanton Plumbing,published,https://jblantonplumbing.com/knowledge-hub/45587-diy-sewer-line-cleanout-in-northbrook-when-to-tackle-it-and-when-to-call-j-blanton-plumbing,sewer maintenance,Sewers,,Northbrook,High,"Old WP category 'sewer maintenance'. Location: Northbrook (title, High)",approve,
551,45587-top-5-urgent-signs-you-need-a-blocked-drain-plumber-in-naperville-right-now,Top 5 Urgent Signs You Need a Blocked Drain Plumber in Naperville Right Now,published,https://jblantonplumbing.com/knowledge-hub/45587-top-5-urgent-signs-you-need-a-blocked-drain-plumber-in-naperville-right-now,Uncategorized,Drains,,Naperville,Medium,"Title/slug mentions 'drain' ×2. Location: Naperville (title, High)",approve,
550,45586-solving-hidden-plumbing-problems-the-role-of-camera-drain-inspections-in-mchenry-homes,Solving Hidden Plumbing Problems: The Role of Camera Drain Inspections in McHenry Homes,published,https://jblantonplumbing.com/knowledge-hub/45586-solving-hidden-plumbing-problems-the-role-of-camera-drain-inspections-in-mchenry-homes,Uncategorized,Drains,,McHenry,Medium,"Title/slug mentions 'drain' ×2. Location: McHenry (title, High)",approve,
549,45586-hydro-jetting-in-chicago-5-warning-signs-your-plumbing-needs-a-deep-clean,Hydro Jetting in Chicago: 5 Warning Signs Your Plumbing Needs a Deep Clean,published,https://jblantonplumbing.com/knowledge-hub/45586-hydro-jetting-in-chicago-5-warning-signs-your-plumbing-needs-a-deep-clean,hydro jetting,Drains,Sewers,Chicagoland,High,"Old WP category 'hydro jetting'. Location: Chicagoland (title ('Chicago' → region), High)",approve,
548,45586-a-clear-view-the-importance-of-camera-sewer-inspections-for-evanston-homes,A Clear View: The Importance of Camera Sewer Inspections for Evanston Homes,published,https://jblantonplumbing.com/knowledge-hub/45586-a-clear-view-the-importance-of-camera-sewer-inspections-for-evanston-homes,Uncategorized,Sewers,,Evanston,Medium,"Title/slug mentions 'sewer' ×2. Location: Evanston (title, High)",approve,
547,45583-how-to-clear-a-clogged-sewer-drain-safely-in-hinsdale-expert-tips-for-homeowners,How to Clear a Clogged Sewer Drain Safely in Hinsdale: Expert Tips for Homeowners,published,https://jblantonplumbing.com/knowledge-hub/45583-how-to-clear-a-clogged-sewer-drain-safely-in-hinsdale-expert-tips-for-homeowners,Uncategorized,Drains,Sewers,Hinsdale,Medium,"Title/slug mentions 'drain' ×2. Location: Hinsdale (title, High)",approve,
546,45583-avoid-basement-floods-in-elgin-know-when-your-ejector-pump-needs-service,Avoid Basement Floods in Elgin: Know When Your Ejector Pump Needs Service,published,https://jblantonplumbing.com/knowledge-hub/45583-avoid-basement-floods-in-elgin-know-when-your-ejector-pump-needs-service,ejector pump,Drains,,Elgin,High,"Old WP category 'ejector pump'. Location: Elgin (title, High)",approve,
545,45583-top-5-questions-algonquin-homeowners-should-ask-before-repairing-a-broken-sewer-line,Top 5 Questions Algonquin Homeowners Should Ask Before Repairing a Broken Sewer Line,published,https://jblantonplumbing.com/knowledge-hub/45583-top-5-questions-algonquin-homeowners-should-ask-before-repairing-a-broken-sewer-line,sewer repair,Sewers,,Algonquin,High,"Old WP category 'sewer repair'. Location: Algonquin (title, High)",approve,
544,45582-arlington-heights-homeowners-which-sewer-line-repair-method-saves-you-more-money,Arlington Heights Homeowners: Which Sewer Line Repair Method Saves You More Money?,published,https://jblantonplumbing.com/knowledge-hub/45582-arlington-heights-homeowners-which-sewer-line-repair-method-saves-you-more-money,sewer repair,Sewers,,Arlington Heights,High,"Old WP category 'sewer repair'. Location: Arlington Heights (title, High)",approve,
543,45582-a-northbrook-success-story-how-j-blanton-plumbing-resolved-a-major-basement-flooding-issue,A Northbrook Success Story: How J Blanton Plumbing Resolved a Major Basement Flooding Issue,published,https://jblantonplumbing.com/knowledge-hub/45582-a-northbrook-success-story-how-j-blanton-plumbing-resolved-a-major-basement-flooding-issue,basement flooding,Drains,,Northbrook,High,"Old WP category 'basement flooding'. Location: Northbrook (title, High)",approve,
542,45582-napervilles-drain-dilemma-how-a-professional-plumber-solved-a-recurring-clog,Naperville’s Drain Dilemma: How a Professional Plumber Solved a Recurring Clog,published,https://jblantonplumbing.com/knowledge-hub/45582-napervilles-drain-dilemma-how-a-professional-plumber-solved-a-recurring-clog,Uncategorized,Drains,,Naperville,Medium,"Title/slug mentions 'drain' ×2. Location: Naperville (title, High)",approve,
541,45581-how-mchenry-homeowners-can-winterize-their-plumbing-and-avoid-burst-pipes,How McHenry Homeowners Can Winterize Their Plumbing and Avoid Burst Pipes,published,https://jblantonplumbing.com/knowledge-hub/45581-how-mchenry-homeowners-can-winterize-their-plumbing-and-avoid-burst-pipes,burst pipe repair,Emergency,,McHenry,High,"Old WP category 'burst pipe repair'. Location: McHenry (title, High)",approve,
540,45581-stay-dry-in-the-windy-city-essential-plumbing-solutions-for-preventing-basement-flooding-on-chicagos-north-and-northwest-side,Stay Dry in the Windy City: Essential Plumbing Solutions for Preventing Basement Flooding on Chicago’s North and Northwest Side,published,https://jblantonplumbing.com/knowledge-hub/45581-stay-dry-in-the-windy-city-essential-plumbing-solutions-for-preventing-basement-flooding-on-chicagos-north-and-northwest-side,basement flooding,Drains,,Chicagoland,High,"Old WP category 'basement flooding'. Location: Chicagoland (title ('Chicago' → region), High)",approve,
539,45581-quick-fixes-for-frozen-pipes-in-evanston-what-to-do-before-the-plumber-arrives,Quick Fixes for Frozen Pipes in Evanston: What to Do Before the Plumber Arrives,published,https://jblantonplumbing.com/knowledge-hub/45581-quick-fixes-for-frozen-pipes-in-evanston-what-to-do-before-the-plumber-arrives,burst pipe repair,Emergency,,Evanston,High,"Old WP category 'burst pipe repair'. Location: Evanston (title, High)",approve,
538,45580-preventing-disaster-how-sewer-drain-clearing-in-hinsdale-averted-a-major-flooding-crisis,Preventing Disaster: How Sewer Drain Clearing in Hinsdale Averted a Major Flooding Crisis,published,https://jblantonplumbing.com/knowledge-hub/45580-preventing-disaster-how-sewer-drain-clearing-in-hinsdale-averted-a-major-flooding-crisis,Uncategorized,Sewers,Drains,Hinsdale,Low,"Title/slug mentions 'sewer' ×2. Locations: Hinsdale (title, High); Chicagoland (body only, Low)",approve,Removed weak location(s): Chicagoland (body-only or ambiguous) — Marketing decision 2026-09-24
537,45580-how-sewer-cleanouts-in-elgin-keep-your-plumbing-running-smoothly,How Sewer Cleanouts in Elgin Keep Your Plumbing Running Smoothly,published,https://jblantonplumbing.com/knowledge-hub/45580-how-sewer-cleanouts-in-elgin-keep-your-plumbing-running-smoothly,sewer maintenance,Sewers,,Elgin,High,"Old WP category 'sewer maintenance'. Location: Elgin (title, High)",approve,
536,45580-flood-proofing-your-home-a-guide-to-handling-basement-flooding-in-algonquin,Flood-Proofing Your Home: A Guide to Handling Basement Flooding in Algonquin,published,https://jblantonplumbing.com/knowledge-hub/45580-flood-proofing-your-home-a-guide-to-handling-basement-flooding-in-algonquin,basement flooding,Drains,,Algonquin,High,"Old WP category 'basement flooding'. Location: Algonquin (title, High)",approve,
535,45579-how-broken-sewer-lines-threaten-arlington-heights-foundations-and-how-to-prevent-damage,How Broken Sewer Lines Threaten Arlington Heights Foundations and How to Prevent Damage,published,https://jblantonplumbing.com/knowledge-hub/45579-how-broken-sewer-lines-threaten-arlington-heights-foundations-and-how-to-prevent-damage,sewer repair,Sewers,,Arlington Heights,High,"Old WP category 'sewer repair'. Location: Arlington Heights (title, High)",approve,
534,45579-step-by-step-how-a-blocked-drain-plumber-tackles-tough-clogs-in-northbrook-homes,Step-by-Step: How a Blocked Drain Plumber Tackles Tough Clogs in Northbrook Homes,published,https://jblantonplumbing.com/knowledge-hub/45579-step-by-step-how-a-blocked-drain-plumber-tackles-tough-clogs-in-northbrook-homes,Uncategorized,Drains,,Northbrook,Medium,"Title/slug mentions 'drain' ×2. Location: Northbrook (title, High)",approve,
533,45579-preventing-basement-flooding-in-naperville-the-latest-technology-you-need-to-know-about,Preventing Basement Flooding in Naperville: The Latest Technology You Need to Know About,published,https://jblantonplumbing.com/knowledge-hub/45579-preventing-basement-flooding-in-naperville-the-latest-technology-you-need-to-know-about,basement flooding,Drains,,Naperville,High,"Old WP category 'basement flooding'. Location: Naperville (title, High)",approve,
532,45576-a-seamless-sewer-repair-in-mchenry-how-j-blanton-plumbing-fixed-a-broken-sewer-line-without-digging,A Seamless Sewer Repair in McHenry: How J Blanton Plumbing Fixed a Broken Sewer Line Without Digging,published,https://jblantonplumbing.com/knowledge-hub/45576-a-seamless-sewer-repair-in-mchenry-how-j-blanton-plumbing-fixed-a-broken-sewer-line-without-digging,sewer repair,Sewers,,McHenry,High,"Old WP category 'sewer repair'. Location: McHenry (title, High)",approve,
531,45576-clearing-sewer-drain-clogs-the-battle-between-hydro-jetting-and-snaking-in-chicagos-historic-neighborhoods,Clearing Sewer Drain Clogs: The Battle Between Hydro Jetting and Snaking in Chicago’s Historic Neighborhoods,published,https://jblantonplumbing.com/knowledge-hub/45576-clearing-sewer-drain-clogs-the-battle-between-hydro-jetting-and-snaking-in-chicagos-historic-neighborhoods,Uncategorized,Drains,Sewers,Chicagoland,Medium,"Title/slug mentions 'drain' ×2. Location: Chicagoland (title ('Chicago' → region), High)",approve,
530,45576-prevent-costly-repairs-5-warning-signs-your-sewer-line-in-evanston-needs-maintenance,Prevent Costly Repairs: 5 Warning Signs Your Sewer Line in Evanston Needs Maintenance,published,https://jblantonplumbing.com/knowledge-hub/45576-prevent-costly-repairs-5-warning-signs-your-sewer-line-in-evanston-needs-maintenance,sewer maintenance,Sewers,,Evanston,High,"Old WP category 'sewer maintenance'. Location: Evanston (title, High)",approve,
529,45575-why-hinsdale-businesses-should-choose-hydro-jetting-for-plumbing-efficiency,Why Hinsdale Businesses Should Choose Hydro Jetting for Plumbing Efficiency,published,https://jblantonplumbing.com/knowledge-hub/45575-why-hinsdale-businesses-should-choose-hydro-jetting-for-plumbing-efficiency,hydro jetting,Drains,Sewers,Hinsdale,High,"Old WP category 'hydro jetting'. Location: Hinsdale (title, High)",approve,
528,45575-elgins-urban-growth-and-the-role-of-trenchless-sewer-repair-in-infrastructure-improvement,Elgin’s Urban Growth and the Role of Trenchless Sewer Repair in Infrastructure Improvement,published,https://jblantonplumbing.com/knowledge-hub/45575-elgins-urban-growth-and-the-role-of-trenchless-sewer-repair-in-infrastructure-improvement,trenchless sewer repair,Sewers,,Elgin,High,"Old WP category 'trenchless sewer repair'. Location: Elgin (title, High)",approve,
527,45575-a-closer-look-using-video-inspections-to-identify-broken-sewer-lines-in-algonquin-illinois,"A Closer Look: Using Video Inspections to Identify Broken Sewer Lines in Algonquin, Illinois",published,https://jblantonplumbing.com/knowledge-hub/45575-a-closer-look-using-video-inspections-to-identify-broken-sewer-lines-in-algonquin-illinois,sewer repair,Sewers,,Algonquin,High,"Old WP category 'sewer repair'. Location: Algonquin (title, High)",approve,
526,45574-debunking-the-myths-camera-drain-inspections-in-arlington-heights-explained,Debunking the Myths: Camera Drain Inspections in Arlington Heights Explained,published,https://jblantonplumbing.com/knowledge-hub/45574-debunking-the-myths-camera-drain-inspections-in-arlington-heights-explained,Uncategorized,Drains,,Arlington Heights,Medium,"Title/slug mentions 'drain' ×2. Location: Arlington Heights (title, High)",approve,
525,45574-top-tools-and-techniques-for-effective-sewer-line-maintenance-in-northbrook-homes,Top Tools and Techniques for Effective Sewer Line Maintenance in Northbrook Homes,published,https://jblantonplumbing.com/knowledge-hub/45574-top-tools-and-techniques-for-effective-sewer-line-maintenance-in-northbrook-homes,sewer maintenance,Sewers,,Northbrook,High,"Old WP category 'sewer maintenance'. Location: Northbrook (title, High)",approve,
524,45574-the-importance-of-professional-drain-cleaning-in-naperville-to-avoid-clogged-drains,The Importance of Professional Drain Cleaning in Naperville to Avoid Clogged Drains,published,https://jblantonplumbing.com/knowledge-hub/45574-the-importance-of-professional-drain-cleaning-in-naperville-to-avoid-clogged-drains,Uncategorized,Drains,,Naperville,Medium,"Title/slug mentions 'drain' ×2. Location: Naperville (title, High)",approve,
523,45573-trenchless-sewer-repair-in-mchenry-how-to-ensure-your-sewer-line-lasts-for-years,Trenchless Sewer Repair in McHenry: How to Ensure Your Sewer Line Lasts for Years,published,https://jblantonplumbing.com/knowledge-hub/45573-trenchless-sewer-repair-in-mchenry-how-to-ensure-your-sewer-line-lasts-for-years,trenchless sewer repair,Sewers,,McHenry,High,"Old WP category 'trenchless sewer repair'. Location: McHenry (title, High)",approve,
522,45573-finding-the-best-contractor-for-broken-sewer-line-repairs-in-chicagos-north-side,Finding the Best Contractor for Broken Sewer Line Repairs in Chicago’s North Side,published,https://jblantonplumbing.com/knowledge-hub/45573-finding-the-best-contractor-for-broken-sewer-line-repairs-in-chicagos-north-side,sewer repair,Sewers,,Chicagoland,High,"Old WP category 'sewer repair'. Location: Chicagoland (title ('Chicago' → region), High)",approve,
521,45573-protect-your-evanston-homes-plumbing-with-hydro-jetting-find-out-how-it-works,Protect Your Evanston Home’s Plumbing with Hydro Jetting: Find Out How It Works,published,https://jblantonplumbing.com/knowledge-hub/45573-protect-your-evanston-homes-plumbing-with-hydro-jetting-find-out-how-it-works,hydro jetting,Drains,Sewers,Evanston,High,"Old WP category 'hydro jetting'. Location: Evanston (title, High)",approve,
520,45572-prevent-plumbing-disasters-in-hinsdale-5-common-sewer-drain-blockages-and-how-to-clear-them,Prevent Plumbing Disasters in Hinsdale: 5 Common Sewer Drain Blockages and How to Clear Them,published,https://jblantonplumbing.com/knowledge-hub/45572-prevent-plumbing-disasters-in-hinsdale-5-common-sewer-drain-blockages-and-how-to-clear-them,Uncategorized,Sewers,Drains,Hinsdale,Medium,"Title/slug mentions 'sewer' ×2. Location: Hinsdale (title, High)",approve,
519,45572-sustainable-living-in-elgin-5-environmental-benefits-of-regular-sewer-maintenance,Sustainable Living in Elgin: 5 Environmental Benefits of Regular Sewer Maintenance,published,https://jblantonplumbing.com/knowledge-hub/45572-sustainable-living-in-elgin-5-environmental-benefits-of-regular-sewer-maintenance,sewer maintenance,Sewers,,Elgin,High,"Old WP category 'sewer maintenance'. Location: Elgin (title, High)",approve,
518,45572-why-regular-sewer-drain-clearing-is-key-to-eco-friendly-living-in-algonquin,Why Regular Sewer Drain Clearing is Key to Eco-Friendly Living in Algonquin,published,https://jblantonplumbing.com/knowledge-hub/45572-why-regular-sewer-drain-clearing-is-key-to-eco-friendly-living-in-algonquin,Uncategorized,Sewers,Drains,Algonquin,Medium,"Title/slug mentions 'sewer' ×2. Location: Algonquin (title, High)",approve,
517,45569-why-sewer-lines-break-essential-knowledge-for-arlington-heights-homeowners,Why Sewer Lines Break: Essential Knowledge for Arlington Heights Homeowners,published,https://jblantonplumbing.com/knowledge-hub/45569-why-sewer-lines-break-essential-knowledge-for-arlington-heights-homeowners,sewer repair,Sewers,,Arlington Heights,High,"Old WP category 'sewer repair'. Location: Arlington Heights (title, High)",approve,
516,45569-your-guide-to-24-hour-plumbing-service-in-northbrook-what-happens-during-an-emergency-call,Your Guide to 24-Hour Plumbing Service in Northbrook: What Happens During an Emergency Call,published,https://jblantonplumbing.com/knowledge-hub/45569-your-guide-to-24-hour-plumbing-service-in-northbrook-what-happens-during-an-emergency-call,emergency plumbing,Emergency,,Northbrook,High,"Old WP category 'emergency plumbing'. Location: Northbrook (title, High)",approve,
515,45569-enhance-your-naperville-kitchen-top-innovations-in-kitchen-sink-drain-technology,Enhance Your Naperville Kitchen: Top Innovations in Kitchen Sink Drain Technology,published,https://jblantonplumbing.com/knowledge-hub/45569-enhance-your-naperville-kitchen-top-innovations-in-kitchen-sink-drain-technology,kitchen sink drain,Drains,,Naperville,High,"Old WP category 'kitchen sink drain'. Location: Naperville (title, High)",approve,
514,45568-upgrade-your-mchenry-home-a-comparison-of-popular-plumbing-fixture-installations,Upgrade Your McHenry Home: A Comparison of Popular Plumbing Fixture Installations,published,https://jblantonplumbing.com/knowledge-hub/45568-upgrade-your-mchenry-home-a-comparison-of-popular-plumbing-fixture-installations,Uncategorized,Plumbing Tips,,McHenry,Low,"Body mentions 'faucets' ×2 (first 500 words; 4 topic words in all). Location: McHenry (title, High)",approve,
513,45568-why-your-kitchen-sink-drain-keeps-clogging-insights-for-chicagos-north-side-residents,Why Your Kitchen Sink Drain Keeps Clogging: Insights for Chicago’s North Side Residents,published,https://jblantonplumbing.com/knowledge-hub/45568-why-your-kitchen-sink-drain-keeps-clogging-insights-for-chicagos-north-side-residents,kitchen sink drain,Drains,,Chicagoland,High,"Old WP category 'kitchen sink drain'. Location: Chicagoland (title ('Chicago' → region), High)",approve,
512,45568-evanston-homeowners-the-long-term-savings-of-hydro-jetting-for-your-plumbing-system,Evanston Homeowners: The Long-Term Savings of Hydro Jetting for Your Plumbing System,published,https://jblantonplumbing.com/knowledge-hub/45568-evanston-homeowners-the-long-term-savings-of-hydro-jetting-for-your-plumbing-system,hydro jetting,Drains,Sewers,Evanston,High,"Old WP category 'hydro jetting'. Location: Evanston (title, High)",approve,
511,45567-5-key-benefits-of-installing-a-garbage-disposal-in-your-hinsdale-kitchen,5 Key Benefits of Installing a Garbage Disposal in Your Hinsdale Kitchen,published,https://jblantonplumbing.com/knowledge-hub/45567-5-key-benefits-of-installing-a-garbage-disposal-in-your-hinsdale-kitchen,Uncategorized,Plumbing Tips,,Hinsdale,Medium,"Title/slug mentions 'kitchen' ×2. Location: Hinsdale (title, High)",approve,
510,45567-how-new-garbage-disposal-technology-is-transforming-kitchens-in-elgin,How New Garbage Disposal Technology is Transforming Kitchens in Elgin,published,https://jblantonplumbing.com/knowledge-hub/45567-how-new-garbage-disposal-technology-is-transforming-kitchens-in-elgin,Uncategorized,Plumbing Tips,,Elgin,Medium,"Title/slug mentions 'garbage disposal' ×2. Location: Elgin (title, High)",approve,
509,45567-why-algonquin-residents-should-choose-a-local-plumber-company-a-real-life-success-story,Why Algonquin Residents Should Choose a Local Plumber Company: A Real-Life Success Story,published,https://jblantonplumbing.com/knowledge-hub/45567-why-algonquin-residents-should-choose-a-local-plumber-company-a-real-life-success-story,Uncategorized,Water Heaters,,Algonquin,Low,"Body mentions 'hot water' ×4 (first 500 words; 8 topic words in all). Location: Algonquin (title, High)",approve,
508,45566-how-trenchless-technology-is-revolutionizing-sewer-line-repairs-in-arlington-heights,How Trenchless Technology is Revolutionizing Sewer Line Repairs in Arlington Heights,published,https://jblantonplumbing.com/knowledge-hub/45566-how-trenchless-technology-is-revolutionizing-sewer-line-repairs-in-arlington-heights,sewer repair,Sewers,,Arlington Heights,High,"Old WP category 'sewer repair'. Location: Arlington Heights (title, High)",approve,
507,45566-northbrook-homeowners-what-to-do-when-a-burst-pipe-strikes-a-guide-to-emergency-repairs,Northbrook Homeowners: What to Do When a Burst Pipe Strikes – A Guide to Emergency Repairs,published,https://jblantonplumbing.com/knowledge-hub/45566-northbrook-homeowners-what-to-do-when-a-burst-pipe-strikes-a-guide-to-emergency-repairs,burst pipe repair,Emergency,,Northbrook,High,"Old WP category 'burst pipe repair'. Location: Northbrook (title, High)",approve,
506,45566-how-napervilles-plumbing-pros-tackle-tough-clogged-drains-with-new-tools-and-methods,How Naperville’s Plumbing Pros Tackle Tough Clogged Drains with New Tools and Methods,published,https://jblantonplumbing.com/knowledge-hub/45566-how-napervilles-plumbing-pros-tackle-tough-clogged-drains-with-new-tools-and-methods,Uncategorized,Drains,,Naperville,Medium,"Title/slug mentions 'drains' ×2. Location: Naperville (title, High)",approve,
505,45565-your-mchenry-guide-to-garbage-disposal-repair-simple-fixes-for-common-problems,Your McHenry Guide to Garbage Disposal Repair: Simple Fixes for Common Problems,published,https://jblantonplumbing.com/knowledge-hub/45565-your-mchenry-guide-to-garbage-disposal-repair-simple-fixes-for-common-problems,Uncategorized,Plumbing Tips,,McHenry,Medium,"Title/slug mentions 'garbage disposal' ×2. Location: McHenry (title, High)",approve,
504,45565-chicago-homeowners-when-hydro-jetting-is-the-best-solution-for-your-plumbing-problems,Chicago Homeowners: When Hydro Jetting Is the Best Solution for Your Plumbing Problems,published,https://jblantonplumbing.com/knowledge-hub/45565-chicago-homeowners-when-hydro-jetting-is-the-best-solution-for-your-plumbing-problems,hydro jetting,Drains,Sewers,Chicagoland,High,"Old WP category 'hydro jetting'. Location: Chicagoland (title ('Chicago' → region), High)",approve,
503,45565-prevent-flooding-in-evanston-how-to-properly-clean-and-maintain-your-catch-basin,Prevent Flooding in Evanston: How to Properly Clean and Maintain Your Catch Basin,published,https://jblantonplumbing.com/knowledge-hub/45565-prevent-flooding-in-evanston-how-to-properly-clean-and-maintain-your-catch-basin,Uncategorized,Drains,,Evanston,Medium,"Title/slug mentions 'catch basin' ×2. Location: Evanston (title, High)",approve,
502,45562-hinsdale-business-owners-5-essential-maintenance-tips-for-extending-your-commercial-water-heaters-lifespan,Hinsdale Business Owners: 5 Essential Maintenance Tips for Extending Your Commercial Water Heater’s Lifespan,published,https://jblantonplumbing.com/knowledge-hub/45562-hinsdale-business-owners-5-essential-maintenance-tips-for-extending-your-commercial-water-heaters-lifespan,commercial water heater,Commercial,Water Heaters,Hinsdale,High,"Old WP category 'commercial water heater'. Location: Hinsdale (title, High)",approve,
501,45562-why-after-hours-plumbing-services-are-essential-for-elgins-commercial-property-management,Why After Hours Plumbing Services Are Essential for Elgin’s Commercial Property Management,published,https://jblantonplumbing.com/knowledge-hub/45562-why-after-hours-plumbing-services-are-essential-for-elgins-commercial-property-management,emergency plumbing,Emergency,,Elgin,High,"Old WP category 'emergency plumbing'. Location: Elgin (title, High)",approve,
500,45562-case-study-fixing-an-aging-water-heater-in-algonquin-for-maximum-efficiency,Case Study: Fixing an Aging Water Heater in Algonquin for Maximum Efficiency,published,https://jblantonplumbing.com/knowledge-hub/45562-case-study-fixing-an-aging-water-heater-in-algonquin-for-maximum-efficiency,water heater repair,Water Heaters,,Algonquin,High,"Old WP category 'water heater repair'. Location: Algonquin (title, High)",approve,
499,45561-how-advanced-leak-detection-technologies-are-reducing-water-damage-in-arlington-heights-homes,How Advanced Leak Detection Technologies Are Reducing Water Damage in Arlington Heights Homes,published,https://jblantonplumbing.com/knowledge-hub/45561-how-advanced-leak-detection-technologies-are-reducing-water-damage-in-arlington-heights-homes,Uncategorized,Plumbing Tips,,Arlington Heights,Medium,"Title/slug mentions 'leak' ×2. Location: Arlington Heights (title, High)",approve,
498,45561-top-water-heater-replacement-mistakes-northbrook-homeowners-should-avoid,Top Water Heater Replacement Mistakes Northbrook Homeowners Should Avoid,published,https://jblantonplumbing.com/knowledge-hub/45561-top-water-heater-replacement-mistakes-northbrook-homeowners-should-avoid,water heater installation,Water Heaters,,Northbrook,High,"Old WP category 'water heater installation'. Location: Northbrook (title, High)",approve,
497,45561-how-to-choose-the-best-plumbing-services-for-your-naperville-home,How to Choose the Best Plumbing Services for Your Naperville Home,published,https://jblantonplumbing.com/knowledge-hub/45561-how-to-choose-the-best-plumbing-services-for-your-naperville-home,Uncategorized,Water Heaters,,Naperville,Low,"Body mentions 'water heater' ×1 (first 500 words; 3 topic words in all). Location: Naperville (title, High)",approve,
496,45560-keeping-your-mchenry-garbage-disposal-running-smoothly-a-step-by-step-maintenance-guide,Keeping Your McHenry Garbage Disposal Running Smoothly: A Step-by-Step Maintenance Guide,published,https://jblantonplumbing.com/knowledge-hub/45560-keeping-your-mchenry-garbage-disposal-running-smoothly-a-step-by-step-maintenance-guide,Uncategorized,Plumbing Tips,,McHenry,Medium,"Title/slug mentions 'garbage disposal' ×2. Location: McHenry (title, High)",approve,
495,45560-5-reasons-why-north-and-northwest-side-of-chicago-homeowners-should-upgrade-their-kitchen-faucets,5 Reasons Why North and Northwest Side of Chicago Homeowners Should Upgrade Their Kitchen Faucets,published,https://jblantonplumbing.com/knowledge-hub/45560-5-reasons-why-north-and-northwest-side-of-chicago-homeowners-should-upgrade-their-kitchen-faucets,kitchen faucet repair and installation,Plumbing Tips,,Chicagoland,High,"Old WP category 'kitchen faucet repair and installation'. Location: Chicagoland (title ('Chicago' → region), High)",approve,
494,45560-case-study-how-a-gas-line-inspection-in-evanston-averted-a-hazardous-situation,Case Study: How a Gas Line Inspection in Evanston Averted a Hazardous Situation,published,https://jblantonplumbing.com/knowledge-hub/45560-case-study-how-a-gas-line-inspection-in-evanston-averted-a-hazardous-situation,gas lines,Gas Lines,,Evanston,High,"Old WP category 'gas lines'. Location: Evanston (title, High)",approve,
493,45559-5-warning-signs-your-hinsdale-home-needs-a-gas-line-upgrade,5 Warning Signs Your Hinsdale Home Needs a Gas Line Upgrade,published,https://jblantonplumbing.com/knowledge-hub/45559-5-warning-signs-your-hinsdale-home-needs-a-gas-line-upgrade,gas line installation,Gas Lines,,Hinsdale,High,"Old WP category 'gas line installation'. Location: Hinsdale (title, High)",approve,
492,45559-top-5-essential-plumbing-services-for-elgin-homeowners,Top 5 Essential Plumbing Services for Elgin Homeowners,published,https://jblantonplumbing.com/knowledge-hub/45559-top-5-essential-plumbing-services-for-elgin-homeowners,Uncategorized,Plumbing Tips,,Elgin,Low,"Body mentions 'leaks' ×4 (first 500 words; 17 topic words in all). Location: Elgin (title, High)",approve,
491,45559-urgent-gas-line-issues-5-signs-your-algonquin-home-could-be-at-risk,Urgent Gas Line Issues: 5 Signs Your Algonquin Home Could Be at Risk,published,https://jblantonplumbing.com/knowledge-hub/45559-urgent-gas-line-issues-5-signs-your-algonquin-home-could-be-at-risk,gas lines,Gas Lines,,Algonquin,High,"Old WP category 'gas lines'. Location: Algonquin (title, High)",approve,
490,45558-arlington-heights-homeowners-guide-faqs-about-kitchen-faucet-installation,Arlington Heights Homeowners’ Guide: FAQs About Kitchen Faucet Installation,published,https://jblantonplumbing.com/knowledge-hub/45558-arlington-heights-homeowners-guide-faqs-about-kitchen-faucet-installation,kitchen faucet repair and installation,Plumbing Tips,,Arlington Heights,High,"Old WP category 'kitchen faucet repair and installation'. Location: Arlington Heights (title, High)",approve,
489,45558-top-benefits-of-timely-water-heater-repairs-for-northbrook-homes,Top Benefits of Timely Water Heater Repairs for Northbrook Homes,published,https://jblantonplumbing.com/knowledge-hub/45558-top-benefits-of-timely-water-heater-repairs-for-northbrook-homes,water heater repair,Water Heaters,,Northbrook,High,"Old WP category 'water heater repair'. Location: Northbrook (title, High)",approve,
488,45558-the-dangers-of-diy-gas-line-work-and-why-naperville-needs-licensed-professionals,The Dangers of DIY Gas Line Work and Why Naperville Needs Licensed Professionals,published,https://jblantonplumbing.com/knowledge-hub/45558-the-dangers-of-diy-gas-line-work-and-why-naperville-needs-licensed-professionals,gas lines,Gas Lines,,Naperville,High,"Old WP category 'gas lines'. Location: Naperville (title, High)",approve,
487,45555-how-high-quality-plumbing-fixtures-boost-home-value-in-mchenry,How High-Quality Plumbing Fixtures Boost Home Value in McHenry,published,https://jblantonplumbing.com/knowledge-hub/45555-how-high-quality-plumbing-fixtures-boost-home-value-in-mchenry,Uncategorized,Plumbing Tips,,McHenry,Low,"Body mentions 'faucets' ×1 (first 500 words; 6 topic words in all). Location: McHenry (title, High)",approve,
486,45555-common-causes-of-blocked-drains-on-chicagos-north-side-and-how-a-plumber-can-help,Common Causes of Blocked Drains on Chicago’s North Side and How a Plumber Can Help,published,https://jblantonplumbing.com/knowledge-hub/45555-common-causes-of-blocked-drains-on-chicagos-north-side-and-how-a-plumber-can-help,Uncategorized,Drains,,Chicagoland,Medium,"Title/slug mentions 'drains' ×2. Location: Chicagoland (title ('Chicago' → region), High)",approve,
485,45555-sustainable-kitchen-faucet-installation-options-for-evanston-residents,Sustainable Kitchen Faucet Installation Options for Evanston Residents,published,https://jblantonplumbing.com/knowledge-hub/45555-sustainable-kitchen-faucet-installation-options-for-evanston-residents,kitchen faucet repair and installation,Plumbing Tips,,Evanston,High,"Old WP category 'kitchen faucet repair and installation'. Location: Evanston (title, High)",approve,
484,45554-the-benefits-of-professional-gas-line-installation-for-your-hinsdale-home,The Benefits of Professional Gas Line Installation for Your Hinsdale Home,published,https://jblantonplumbing.com/knowledge-hub/45554-the-benefits-of-professional-gas-line-installation-for-your-hinsdale-home,gas line installation,Gas Lines,,Hinsdale,High,"Old WP category 'gas line installation'. Location: Hinsdale (title, High)",approve,
483,45554-elgins-best-plumbing-contractors-how-they-save-you-money-with-smart-solutions,Elgin’s Best Plumbing Contractors: How They Save You Money with Smart Solutions,published,https://jblantonplumbing.com/knowledge-hub/45554-elgins-best-plumbing-contractors-how-they-save-you-money-with-smart-solutions,Uncategorized,Plumbing Tips,,Elgin,Low,"Body mentions 'maintenance' ×4 (first 500 words; 11 topic words in all). Location: Elgin (title, High)",approve,
482,45554-common-water-heater-issues-in-algonquin-5-components-to-watch,Common Water Heater Issues in Algonquin: 5 Components to Watch,published,https://jblantonplumbing.com/knowledge-hub/45554-common-water-heater-issues-in-algonquin-5-components-to-watch,water heater repair,Water Heaters,,Algonquin,High,"Old WP category 'water heater repair'. Location: Algonquin (title, High)",approve,
481,45553-5-key-benefits-of-regular-plumbing-services-for-arlington-heights-homes,5 Key Benefits of Regular Plumbing Services for Arlington Heights Homes,published,https://jblantonplumbing.com/knowledge-hub/45553-5-key-benefits-of-regular-plumbing-services-for-arlington-heights-homes,Uncategorized,Plumbing Tips,,Arlington Heights,Low,"Body mentions 'maintenance' ×7 (first 500 words; 21 topic words in all). Location: Arlington Heights (title, High)",approve,
480,45553-how-sewer-drain-clearing-services-keep-northbrook-homes-flowing-smoothly,How Sewer Drain Clearing Services Keep Northbrook Homes Flowing Smoothly,published,https://jblantonplumbing.com/knowledge-hub/45553-how-sewer-drain-clearing-services-keep-northbrook-homes-flowing-smoothly,Uncategorized,Sewers,Drains,Northbrook,Medium,"Title/slug mentions 'sewer' ×2. Location: Northbrook (title, High)",approve,
479,45553-napervilles-best-eco-friendly-plumbing-repair-options-for-a-greener-home,Naperville’s Best Eco-Friendly Plumbing Repair Options for a Greener Home,published,https://jblantonplumbing.com/knowledge-hub/45553-napervilles-best-eco-friendly-plumbing-repair-options-for-a-greener-home,Uncategorized,Plumbing Tips,,Naperville,Low,"Body mentions 'pipes' ×4 (first 500 words; 13 topic words in all). Location: Naperville (title, High)",approve,
478,45552-how-trenchless-sewer-repair-saved-a-mchenry-home-from-a-costly-sewer-line-replacement,How Trenchless Sewer Repair Saved a McHenry Home from a Costly Sewer Line Replacement,published,https://jblantonplumbing.com/knowledge-hub/45552-how-trenchless-sewer-repair-saved-a-mchenry-home-from-a-costly-sewer-line-replacement,trenchless sewer repair,Sewers,,McHenry,High,"Old WP category 'trenchless sewer repair'. Location: McHenry (title, High)",approve,
477,45552-avoid-costly-shower-repairs-regular-maintenance-tips-for-north-and-northwest-side-chicago-homes,Avoid Costly Shower Repairs: Regular Maintenance Tips for North and Northwest Side Chicago Homes,published,https://jblantonplumbing.com/knowledge-hub/45552-avoid-costly-shower-repairs-regular-maintenance-tips-for-north-and-northwest-side-chicago-homes,shower repair,Plumbing Tips,,Chicagoland,High,"Old WP category 'shower repair'. Location: Chicagoland (title ('Chicago' → region), High)",approve,
476,45552-case-study-evanston-sewer-backup-averted-thanks-to-camera-sewer-inspections,Case Study: Evanston Sewer Backup Averted Thanks to Camera Sewer Inspections,published,https://jblantonplumbing.com/knowledge-hub/45552-case-study-evanston-sewer-backup-averted-thanks-to-camera-sewer-inspections,Uncategorized,Sewers,,Evanston,Medium,"Title/slug mentions 'sewer' ×4. Location: Evanston (title, High)",approve,
475,45551-improve-your-homes-water-flow-the-benefits-of-sewer-drain-clearing-in-hinsdale,Improve Your Home’s Water Flow: The Benefits of Sewer Drain Clearing in Hinsdale,published,https://jblantonplumbing.com/knowledge-hub/45551-improve-your-homes-water-flow-the-benefits-of-sewer-drain-clearing-in-hinsdale,Uncategorized,Sewers,Drains,Hinsdale,Medium,"Title/slug mentions 'sewer' ×2. Location: Hinsdale (title, High)",approve,
474,45551-emergency-after-hours-plumbing-how-elgin-homeowners-can-be-prepared,Emergency After-Hours Plumbing: How Elgin Homeowners Can Be Prepared,published,https://jblantonplumbing.com/knowledge-hub/45551-emergency-after-hours-plumbing-how-elgin-homeowners-can-be-prepared,emergency plumbing,Emergency,,Elgin,High,"Old WP category 'emergency plumbing'. Location: Elgin (title, High)",approve,
473,45551-solving-algonquins-plumbing-challenges-5-issues-fixed-by-trenchless-sewer-repair,Solving Algonquin's Plumbing Challenges: 5 Issues Fixed by Trenchless Sewer Repair,published,https://jblantonplumbing.com/knowledge-hub/45551-solving-algonquins-plumbing-challenges-5-issues-fixed-by-trenchless-sewer-repair,trenchless sewer repair,Sewers,,Algonquin,High,"Old WP category 'trenchless sewer repair'. Location: Algonquin (title, High)",approve,
472,45548-why-upgrading-your-kitchen-faucet-can-add-value-to-your-arlington-heights-home,Why Upgrading Your Kitchen Faucet Can Add Value to Your Arlington Heights Home,published,https://jblantonplumbing.com/knowledge-hub/45548-why-upgrading-your-kitchen-faucet-can-add-value-to-your-arlington-heights-home,kitchen faucet repair and installation,Plumbing Tips,,Arlington Heights,High,"Old WP category 'kitchen faucet repair and installation'. Location: Arlington Heights (title, High)",approve,
471,45548-top-eco-friendly-drain-cleaning-solutions-for-northbrook-homes,Top Eco-Friendly Drain Cleaning Solutions for Northbrook Homes,published,https://jblantonplumbing.com/knowledge-hub/45548-top-eco-friendly-drain-cleaning-solutions-for-northbrook-homes,Uncategorized,Drains,,Northbrook,Medium,"Title/slug mentions 'drain' ×2. Location: Northbrook (title, High)",approve,
470,45548-the-ultimate-guide-to-ejector-pump-maintenance-for-naperville-residents,The Ultimate Guide to Ejector Pump Maintenance for Naperville Residents,published,https://jblantonplumbing.com/knowledge-hub/45548-the-ultimate-guide-to-ejector-pump-maintenance-for-naperville-residents,ejector pump,Drains,,Naperville,High,"Old WP category 'ejector pump'. Location: Naperville (title, High)",approve,
469,45547-how-mchenry-homeowners-can-overcome-common-plumbing-fixture-installation-challenges,How McHenry Homeowners Can Overcome Common Plumbing Fixture Installation Challenges,published,https://jblantonplumbing.com/knowledge-hub/45547-how-mchenry-homeowners-can-overcome-common-plumbing-fixture-installation-challenges,Uncategorized,Plumbing Tips,,McHenry,Low,"Body mentions 'pipes' ×6 (first 500 words; 22 topic words in all). Location: McHenry (title, High)",approve,
468,45547-how-plumbing-contractors-on-chicagos-north-and-northwest-side-can-boost-your-home-renovations,How Plumbing Contractors on Chicago’s North and Northwest Side Can Boost Your Home Renovations,published,https://jblantonplumbing.com/knowledge-hub/45547-how-plumbing-contractors-on-chicagos-north-and-northwest-side-can-boost-your-home-renovations,Uncategorized,Plumbing Tips,,Chicagoland,Low,"Body mentions 'bathroom' ×3 (first 500 words; 11 topic words in all). Locations: Chicagoland (title ('Chicago' → region), High); Sauganash (body only, Low)",approve,Removed weak location(s): Sauganash (body-only or ambiguous) — Marketing decision 2026-09-24
467,45547-why-evanston-homeowners-should-invest-in-professional-water-heater-maintenance,Why Evanston Homeowners Should Invest in Professional Water Heater Maintenance,published,https://jblantonplumbing.com/knowledge-hub/45547-why-evanston-homeowners-should-invest-in-professional-water-heater-maintenance,water heater maintenance,Water Heaters,,Evanston,High,"Old WP category 'water heater maintenance'. Location: Evanston (title, High)",approve,
466,45546-gas-line-installation-regulations-in-hinsdale-navigating-new-standards,Gas Line Installation Regulations in Hinsdale: Navigating New Standards,published,https://jblantonplumbing.com/knowledge-hub/45546-gas-line-installation-regulations-in-hinsdale-navigating-new-standards,gas line installation,Gas Lines,,Hinsdale,High,"Old WP category 'gas line installation'. Location: Hinsdale (title, High)",approve,
465,45546-top-emergency-services-offered-by-plumbing-contractors-in-elgin,Top Emergency Services Offered by Plumbing Contractors in Elgin,published,https://jblantonplumbing.com/knowledge-hub/45546-top-emergency-services-offered-by-plumbing-contractors-in-elgin,Uncategorized,Emergency,,Elgin,Medium,"Title/slug mentions 'emergency' ×2. Location: Elgin (title, High)",approve,
464,45546-how-to-solve-hot-water-shortages-an-algonquin-guide-to-water-heater-repairs,How to Solve Hot Water Shortages: An Algonquin Guide to Water Heater Repairs,published,https://jblantonplumbing.com/knowledge-hub/45546-how-to-solve-hot-water-shortages-an-algonquin-guide-to-water-heater-repairs,water heater repair,Water Heaters,,Algonquin,High,"Old WP category 'water heater repair'. Location: Algonquin (title, High)",approve,
463,45545-arlington-heights-homeowners-step-by-step-tankless-water-heater-maintenance,Arlington Heights Homeowners: Step-by-Step Tankless Water Heater Maintenance,published,https://jblantonplumbing.com/knowledge-hub/45545-arlington-heights-homeowners-step-by-step-tankless-water-heater-maintenance,water heater maintenance,Water Heaters,,Arlington Heights,High,"Old WP category 'water heater maintenance'. Location: Arlington Heights (title, High)",approve,
462,45545-how-j-blanton-plumbing-helped-a-northbrook-homeowner-fix-a-water-heater-and-lower-energy-costs,How J. Blanton Plumbing Helped a Northbrook Homeowner Fix a Water Heater and Lower Energy Costs,published,https://jblantonplumbing.com/knowledge-hub/45545-how-j-blanton-plumbing-helped-a-northbrook-homeowner-fix-a-water-heater-and-lower-energy-costs,water heater repair,Water Heaters,,Northbrook,High,"Old WP category 'water heater repair'. Location: Northbrook (title, High)",approve,
461,45545-napervilles-guide-to-handling-emergency-plumbing-repairs,Naperville’s Guide to Handling Emergency Plumbing Repairs,published,https://jblantonplumbing.com/knowledge-hub/45545-napervilles-guide-to-handling-emergency-plumbing-repairs,Uncategorized,Emergency,,Naperville,Medium,"Title/slug mentions 'emergency' ×2. Location: Naperville (title, High)",approve,
460,45544-common-plumbing-problems-identified-by-camera-drain-inspections-in-mchenry,Common Plumbing Problems Identified by Camera Drain Inspections in McHenry,published,https://jblantonplumbing.com/knowledge-hub/45544-common-plumbing-problems-identified-by-camera-drain-inspections-in-mchenry,Uncategorized,Drains,,McHenry,Medium,"Title/slug mentions 'drain' ×2. Location: McHenry (title, High)",approve,
459,45544-top-tips-for-avoiding-after-hours-plumbing-emergencies-in-chicagos-north-and-northwest-side,Top Tips for Avoiding After-Hours Plumbing Emergencies in Chicago’s North and Northwest Side,published,https://jblantonplumbing.com/knowledge-hub/45544-top-tips-for-avoiding-after-hours-plumbing-emergencies-in-chicagos-north-and-northwest-side,emergency plumbing,Emergency,,Chicagoland,High,"Old WP category 'emergency plumbing'. Location: Chicagoland (title ('Chicago' → region), High)",approve,
458,45544-getting-ready-for-a-camera-drain-inspection-in-your-evanston-home,Getting Ready for a Camera Drain Inspection in Your Evanston Home,published,https://jblantonplumbing.com/knowledge-hub/45544-getting-ready-for-a-camera-drain-inspection-in-your-evanston-home,Uncategorized,Drains,,Evanston,Medium,"Title/slug mentions 'drain' ×2. Location: Evanston (title, High)",approve,
457,45541-top-5-signs-your-hinsdale-homes-water-heater-needs-immediate-repair,Top 5 Signs Your Hinsdale Home’s Water Heater Needs Immediate Repair,published,https://jblantonplumbing.com/knowledge-hub/45541-top-5-signs-your-hinsdale-homes-water-heater-needs-immediate-repair,water heater repair,Water Heaters,,Hinsdale,High,"Old WP category 'water heater repair'. Location: Hinsdale (title, High)",approve,
456,45541-how-to-prepare-your-elgin-home-for-plumbing-fixture-installations,How to Prepare Your Elgin Home for Plumbing Fixture Installations,published,https://jblantonplumbing.com/knowledge-hub/45541-how-to-prepare-your-elgin-home-for-plumbing-fixture-installations,Uncategorized,Plumbing Tips,,Elgin,Low,"Body mentions 'pipe' ×2 (first 500 words; 7 topic words in all). Location: Elgin (title, High)",approve,
455,45541-how-to-prevent-sewer-drain-clogs-in-algonquin-homes-a-proactive-approach,How to Prevent Sewer Drain Clogs in Algonquin Homes: A Proactive Approach,published,https://jblantonplumbing.com/knowledge-hub/45541-how-to-prevent-sewer-drain-clogs-in-algonquin-homes-a-proactive-approach,Uncategorized,Drains,Sewers,Algonquin,Medium,"Title/slug mentions 'drain' ×2. Location: Algonquin (title, High)",approve,
454,45540-spotting-leak-problems-in-arlington-heights-homes-5-warning-signs,Spotting Leak Problems in Arlington Heights Homes: 5 Warning Signs,published,https://jblantonplumbing.com/knowledge-hub/45540-spotting-leak-problems-in-arlington-heights-homes-5-warning-signs,Uncategorized,Plumbing Tips,,Arlington Heights,Medium,"Title/slug mentions 'leak' ×2. Location: Arlington Heights (title, High)",approve,
453,45540-how-to-tackle-common-kitchen-faucet-issues-in-northbrook-diy-repairs-you-can-try,How to Tackle Common Kitchen Faucet Issues in Northbrook: DIY Repairs You Can Try,published,https://jblantonplumbing.com/knowledge-hub/45540-how-to-tackle-common-kitchen-faucet-issues-in-northbrook-diy-repairs-you-can-try,kitchen faucet repair and installation,Plumbing Tips,,Northbrook,High,"Old WP category 'kitchen faucet repair and installation'. Location: Northbrook (title, High)",approve,
452,45540-5-signs-your-naperville-home-is-ready-for-a-tankless-water-heater-upgrade,5 Signs Your Naperville Home is Ready for a Tankless Water Heater Upgrade,published,https://jblantonplumbing.com/knowledge-hub/45540-5-signs-your-naperville-home-is-ready-for-a-tankless-water-heater-upgrade,tankless water heater,Water Heaters,,Naperville,High,"Old WP category 'tankless water heater'. Location: Naperville (title, High)",approve,
451,45539-mchenrys-guide-to-energy-efficient-water-heater-repairs-maximize-savings-and-performance,McHenry’s Guide to Energy-Efficient Water Heater Repairs: Maximize Savings and Performance,published,https://jblantonplumbing.com/knowledge-hub/45539-mchenrys-guide-to-energy-efficient-water-heater-repairs-maximize-savings-and-performance,water heater repair,Water Heaters,,McHenry,High,"Old WP category 'water heater repair'. Location: McHenry (title, High)",approve,
450,45539-spotting-the-signs-when-your-kitchen-faucet-needs-repair-in-chicagos-north-and-northwest-side,Spotting the Signs: When Your Kitchen Faucet Needs Repair in Chicago’s North and Northwest Side,published,https://jblantonplumbing.com/knowledge-hub/45539-spotting-the-signs-when-your-kitchen-faucet-needs-repair-in-chicagos-north-and-northwest-side,kitchen faucet repair and installation,Plumbing Tips,,Chicagoland,High,"Old WP category 'kitchen faucet repair and installation'. Location: Chicagoland (title ('Chicago' → region), High)",approve,
449,45539-how-to-safely-perform-diy-water-heater-maintenance-in-your-evanston-home,How to Safely Perform DIY Water Heater Maintenance in Your Evanston Home,published,https://jblantonplumbing.com/knowledge-hub/45539-how-to-safely-perform-diy-water-heater-maintenance-in-your-evanston-home,water heater maintenance,Water Heaters,,Evanston,High,"Old WP category 'water heater maintenance'. Location: Evanston (title, High)",approve,
448,45538-protecting-hinsdale-homes-the-importance-of-timely-sewer-drain-clearing-for-plumbing-maintenance,Protecting Hinsdale Homes: The Importance of Timely Sewer Drain Clearing for Plumbing Maintenance,published,https://jblantonplumbing.com/knowledge-hub/45538-protecting-hinsdale-homes-the-importance-of-timely-sewer-drain-clearing-for-plumbing-maintenance,Uncategorized,Sewers,Drains; Plumbing Tips,Hinsdale,Medium,"Title/slug mentions 'sewer' ×2. Location: Hinsdale (title, High)",approve,
447,45538-elgins-guide-to-choosing-a-reliable-24-hour-plumber-essential-questions-to-consider,Elgin’s Guide to Choosing a Reliable 24 Hour Plumber: Essential Questions to Consider,published,https://jblantonplumbing.com/knowledge-hub/45538-elgins-guide-to-choosing-a-reliable-24-hour-plumber-essential-questions-to-consider,emergency plumbing,Emergency,,Elgin,High,"Old WP category 'emergency plumbing'. Location: Elgin (title, High)",approve,
446,45538-how-new-gas-line-installation-technologies-are-enhancing-efficiency-in-algonquin-homes,How New Gas Line Installation Technologies Are Enhancing Efficiency in Algonquin Homes,published,https://jblantonplumbing.com/knowledge-hub/45538-how-new-gas-line-installation-technologies-are-enhancing-efficiency-in-algonquin-homes,gas line installation,Gas Lines,,Algonquin,High,"Old WP category 'gas line installation'. Location: Algonquin (title, High)",approve,
445,45537-top-5-kitchen-faucet-installation-mistakes-arlington-heights-residents-should-avoid,Top 5 Kitchen Faucet Installation Mistakes Arlington Heights Residents Should Avoid,published,https://jblantonplumbing.com/knowledge-hub/45537-top-5-kitchen-faucet-installation-mistakes-arlington-heights-residents-should-avoid,kitchen faucet repair and installation,Plumbing Tips,,Arlington Heights,High,"Old WP category 'kitchen faucet repair and installation'. Location: Arlington Heights (title, High)",approve,
444,45537-why-northbrook-homeowners-trust-professional-garbage-disposal-repair-for-hassle-free-kitchens,Why Northbrook Homeowners Trust Professional Garbage Disposal Repair for Hassle-Free Kitchens,published,https://jblantonplumbing.com/knowledge-hub/45537-why-northbrook-homeowners-trust-professional-garbage-disposal-repair-for-hassle-free-kitchens,Uncategorized,Plumbing Tips,,Northbrook,Medium,"Title/slug mentions 'garbage disposal' ×2. Location: Northbrook (title, High)",approve,
443,45537-eco-friendly-drain-care-in-naperville-how-hydro-jetting-protects-your-home-and-the-environment,Eco-Friendly Drain Care in Naperville: How Hydro Jetting Protects Your Home and the Environment,published,https://jblantonplumbing.com/knowledge-hub/45537-eco-friendly-drain-care-in-naperville-how-hydro-jetting-protects-your-home-and-the-environment,hydro jetting,Drains,Sewers,Naperville,High,"Old WP category 'hydro jetting'. Location: Naperville (title, High)",approve,
442,45534-keep-your-mchenry-home-efficient-expert-tips-on-flushing-your-tankless-water-heater,Keep Your McHenry Home Efficient: Expert Tips on Flushing Your Tankless Water Heater,published,https://jblantonplumbing.com/knowledge-hub/45534-keep-your-mchenry-home-efficient-expert-tips-on-flushing-your-tankless-water-heater,water heater maintenance,Water Heaters,,McHenry,High,"Old WP category 'water heater maintenance'. Location: McHenry (title, High)",approve,
441,45534-summer-plumbing-emergencies-in-chicago-after-hour-response-to-outdoor-faucet-leaks,Summer Plumbing Emergencies in Chicago: After-Hour Response to Outdoor Faucet Leaks,published,https://jblantonplumbing.com/knowledge-hub/45534-summer-plumbing-emergencies-in-chicago-after-hour-response-to-outdoor-faucet-leaks,emergency plumbing,Emergency,,Chicagoland,High,"Old WP category 'emergency plumbing'. Location: Chicagoland (title ('Chicago' → region), High)",approve,
440,45534-why-evanston-residents-should-have-a-same-day-plumber-on-call-7-key-benefits,Why Evanston Residents Should Have a Same Day Plumber on Call: 7 Key Benefits,published,https://jblantonplumbing.com/knowledge-hub/45534-why-evanston-residents-should-have-a-same-day-plumber-on-call-7-key-benefits,emergency plumbing,Emergency,,Evanston,High,"Old WP category 'emergency plumbing'. Location: Evanston (title, High)",approve,
439,45533-hinsdale-homeowners-how-fluctuating-water-pressure-can-harm-your-hot-water-heater-and-how-to-fix-it,Hinsdale Homeowners: How Fluctuating Water Pressure Can Harm Your Hot Water Heater and How to Fix It,published,https://jblantonplumbing.com/knowledge-hub/45533-hinsdale-homeowners-how-fluctuating-water-pressure-can-harm-your-hot-water-heater-and-how-to-fix-it,water heater repair,Water Heaters,,Hinsdale,High,"Old WP category 'water heater repair'. Location: Hinsdale (title, High)",approve,
438,45533-elgins-guide-to-choosing-the-perfect-plumber-company-for-your-home,Elgin’s Guide to Choosing the Perfect Plumber Company for Your Home,published,https://jblantonplumbing.com/knowledge-hub/45533-elgins-guide-to-choosing-the-perfect-plumber-company-for-your-home,Uncategorized,Water Heaters,,Elgin,Low,"Body mentions 'water heater' ×2 (first 500 words; 2 topic words in all). Location: Elgin (title, High)",approve,
437,45533-algonquin-homeowners-7-things-to-expect-when-you-call-a-same-day-plumber,Algonquin Homeowners: 7 Things to Expect When You Call a Same Day Plumber,published,https://jblantonplumbing.com/knowledge-hub/45533-algonquin-homeowners-7-things-to-expect-when-you-call-a-same-day-plumber,Uncategorized,Plumbing Tips,,Algonquin,Low,"Body mentions 'maintenance' ×1 (first 500 words; 3 topic words in all). Location: Algonquin (title, High)",approve,
436,45532-boost-your-water-heaters-efficiency-the-role-of-ventilation-in-arlington-heights-homes,Boost Your Water Heater's Efficiency: The Role of Ventilation in Arlington Heights Homes,published,https://jblantonplumbing.com/knowledge-hub/45532-boost-your-water-heaters-efficiency-the-role-of-ventilation-in-arlington-heights-homes,water heater repair,Water Heaters,,Arlington Heights,High,"Old WP category 'water heater repair'. Location: Arlington Heights (title, High)",approve,
435,45532-gas-line-installation-in-northbrook-top-5-pitfalls-and-how-to-prevent-them,Gas Line Installation in Northbrook: Top 5 Pitfalls and How to Prevent Them,published,https://jblantonplumbing.com/knowledge-hub/45532-gas-line-installation-in-northbrook-top-5-pitfalls-and-how-to-prevent-them,gas line installation,Gas Lines,,Northbrook,High,"Old WP category 'gas line installation'. Location: Northbrook (title, High)",approve,
434,45532-top-after-hours-plumbing-emergencies-in-naperville-what-every-homeowner-should-be-prepared-for,Top After-Hours Plumbing Emergencies in Naperville: What Every Homeowner Should Be Prepared For,published,https://jblantonplumbing.com/knowledge-hub/45532-top-after-hours-plumbing-emergencies-in-naperville-what-every-homeowner-should-be-prepared-for,emergency plumbing,Emergency,,Naperville,High,"Old WP category 'emergency plumbing'. Location: Naperville (title, High)",approve,
433,45531-why-mchenry-residents-are-switching-to-on-demand-water-heaters-to-save-on-utilities,Why McHenry Residents are Switching to On-Demand Water Heaters to Save on Utilities,published,https://jblantonplumbing.com/knowledge-hub/45531-why-mchenry-residents-are-switching-to-on-demand-water-heaters-to-save-on-utilities,residential water heater,Water Heaters,,McHenry,High,"Old WP category 'residential water heater'. Location: McHenry (title, High)",approve,
432,45531-upgrade-your-north-and-northwest-side-chicago-home-the-advantages-of-a-continuous-water-heater,Upgrade Your North and Northwest Side Chicago Home: The Advantages of a Continuous Water Heater,published,https://jblantonplumbing.com/knowledge-hub/45531-upgrade-your-north-and-northwest-side-chicago-home-the-advantages-of-a-continuous-water-heater,residential water heater,Water Heaters,,Chicagoland,High,"Old WP category 'residential water heater'. Location: Chicagoland (title ('Chicago' → region), High)",approve,
431,45531-why-evanston-homeowners-are-choosing-tankless-water-heaters-to-increase-property-value,Why Evanston Homeowners Are Choosing Tankless Water Heaters to Increase Property Value,published,https://jblantonplumbing.com/knowledge-hub/45531-why-evanston-homeowners-are-choosing-tankless-water-heaters-to-increase-property-value,tankless water heater,Water Heaters,,Evanston,Low,"Old WP category 'tankless water heater'. Locations: Evanston (title, High); Chicagoland (body only, Low)",approve,Removed weak location(s): Chicagoland (body-only or ambiguous) — Marketing decision 2026-09-24
430,45530-how-hinsdale-homeowners-handled-summer-drain-clogs-an-after-hours-plumbing-success-story,How Hinsdale Homeowners Handled Summer Drain Clogs: An After Hours Plumbing Success Story,published,https://jblantonplumbing.com/knowledge-hub/45530-how-hinsdale-homeowners-handled-summer-drain-clogs-an-after-hours-plumbing-success-story,emergency plumbing,Emergency,,Hinsdale,Low,"Old WP category 'emergency plumbing'. Locations: Hinsdale (title, High); Chicagoland (body only, Low)",approve,Removed weak location(s): Chicagoland (body-only or ambiguous) — Marketing decision 2026-09-24
429,45530-elgins-guide-to-water-heater-installation-a-step-by-step-process-for-homeowners,Elgin’s Guide to Water Heater Installation: A Step-by-Step Process for Homeowners,published,https://jblantonplumbing.com/knowledge-hub/45530-elgins-guide-to-water-heater-installation-a-step-by-step-process-for-homeowners,water heater installation,Water Heaters,,Elgin,High,"Old WP category 'water heater installation'. Location: Elgin (title, High)",approve,
428,45530-how-to-get-ready-for-gas-line-installation-in-algonquin-a-complete-homeowners-guide,How to Get Ready for Gas Line Installation in Algonquin: A Complete Homeowner’s Guide,published,https://jblantonplumbing.com/knowledge-hub/45530-how-to-get-ready-for-gas-line-installation-in-algonquin-a-complete-homeowners-guide,gas line installation,Gas Lines,,Algonquin,High,"Old WP category 'gas line installation'. Location: Algonquin (title, High)",approve,
427,45527-busting-myths-in-arlington-heights-the-truth-about-on-demand-residential-water-heaters,Busting Myths in Arlington Heights: The Truth About On-Demand Residential Water Heaters,published,https://jblantonplumbing.com/knowledge-hub/45527-busting-myths-in-arlington-heights-the-truth-about-on-demand-residential-water-heaters,residential water heater,Water Heaters,,Arlington Heights,High,"Old WP category 'residential water heater'. Location: Arlington Heights (title, High)",approve,
426,45527-stay-ahead-of-plumbing-emergencies-in-northbrook-7-tips-to-reduce-the-need-for-24-hour-services,Stay Ahead of Plumbing Emergencies in Northbrook: 7 Tips to Reduce the Need for 24 Hour Services,published,https://jblantonplumbing.com/knowledge-hub/45527-stay-ahead-of-plumbing-emergencies-in-northbrook-7-tips-to-reduce-the-need-for-24-hour-services,emergency plumbing,Emergency,,Northbrook,High,"Old WP category 'emergency plumbing'. Location: Northbrook (title, High)",approve,
425,45527-naperville-homeowners-follow-these-steps-to-select-the-best-plumber-company-in-your-area,Naperville Homeowners: Follow These Steps to Select the Best Plumber Company in Your Area,published,https://jblantonplumbing.com/knowledge-hub/45527-naperville-homeowners-follow-these-steps-to-select-the-best-plumber-company-in-your-area,Uncategorized,,,Naperville,Low,"No signal. Location: Naperville (title, High)",,
424,45526-mchenrys-guide-to-tankless-water-heater-troubleshooting-top-5-problems-and-solutions,McHenry’s Guide to Tankless Water Heater Troubleshooting: Top 5 Problems and Solutions,published,https://jblantonplumbing.com/knowledge-hub/45526-mchenrys-guide-to-tankless-water-heater-troubleshooting-top-5-problems-and-solutions,tankless water heater,Water Heaters,,McHenry,High,"Old WP category 'tankless water heater'. Location: McHenry (title, High)",approve,
423,45526-north-and-northwest-side-chicago-success-story-how-one-family-chose-the-perfect-on-demand-water-heater,North and Northwest Side Chicago Success Story: How One Family Chose the Perfect On-Demand Water Heater,published,https://jblantonplumbing.com/knowledge-hub/45526-north-and-northwest-side-chicago-success-story-how-one-family-chose-the-perfect-on-demand-water-heater,residential water heater,Water Heaters,,Chicagoland,High,"Old WP category 'residential water heater'. Location: Chicagoland (title ('Chicago' → region), High)",approve,
422,45526-maintaining-efficiency-in-evanston-the-importance-of-flushing-your-tankless-water-heater,Maintaining Efficiency in Evanston: The Importance of Flushing Your Tankless Water Heater,published,https://jblantonplumbing.com/knowledge-hub/45526-maintaining-efficiency-in-evanston-the-importance-of-flushing-your-tankless-water-heater,water heater maintenance,Water Heaters,,Evanston,High,"Old WP category 'water heater maintenance'. Location: Evanston (title, High)",approve,
421,45525-the-hinsdale-guide-to-hot-water-heater-lifespan-when-to-repair-or-replace,The Hinsdale Guide to Hot Water Heater Lifespan: When to Repair or Replace,published,https://jblantonplumbing.com/knowledge-hub/45525-the-hinsdale-guide-to-hot-water-heater-lifespan-when-to-repair-or-replace,water heater repair,Water Heaters,,Hinsdale,High,"Old WP category 'water heater repair'. Location: Hinsdale (title, High)",approve,
420,45525-smart-plumbing-in-elgin-discover-how-a-professional-plumber-company-can-cut-your-costs,Smart Plumbing in Elgin: Discover How a Professional Plumber Company Can Cut Your Costs,published,https://jblantonplumbing.com/knowledge-hub/45525-smart-plumbing-in-elgin-discover-how-a-professional-plumber-company-can-cut-your-costs,Uncategorized,Plumbing Tips,,Elgin,Low,"Body mentions 'maintenance' ×4 (first 500 words; 6 topic words in all). Location: Elgin (title, High)",approve,
419,45525-a-guide-for-algonquin-residents-what-to-expect-when-installing-a-tankless-water-heater,A Guide for Algonquin Residents: What to Expect When Installing a Tankless Water Heater,published,https://jblantonplumbing.com/knowledge-hub/45525-a-guide-for-algonquin-residents-what-to-expect-when-installing-a-tankless-water-heater,tankless water heater,Water Heaters,,Algonquin,High,"Old WP category 'tankless water heater'. Location: Algonquin (title, High)",approve,
418,45524-why-arlington-heights-homeowners-love-on-demand-water-heaters-top-benefits-explained,Why Arlington Heights Homeowners Love On-Demand Water Heaters: Top Benefits Explained,published,https://jblantonplumbing.com/knowledge-hub/45524-why-arlington-heights-homeowners-love-on-demand-water-heaters-top-benefits-explained,residential water heater,Water Heaters,,Arlington Heights,Low,"Old WP category 'residential water heater'. Locations: Arlington Heights (title, High); Chicagoland (body only, Low)",approve,Removed weak location(s): Chicagoland (body-only or ambiguous) — Marketing decision 2026-09-24
417,45524-making-the-right-choice-in-northbrook-tankless-vs-traditional-water-heaters-explained,Making the Right Choice in Northbrook: Tankless vs. Traditional Water Heaters Explained,published,https://jblantonplumbing.com/knowledge-hub/45524-making-the-right-choice-in-northbrook-tankless-vs-traditional-water-heaters-explained,tankless water heater,Water Heaters,,Northbrook,High,"Old WP category 'tankless water heater'. Location: Northbrook (title, High)",approve,
416,45524-why-naperville-residents-trust-professional-plumbers-7-key-benefits,Why Naperville Residents Trust Professional Plumbers: 7 Key Benefits,published,https://jblantonplumbing.com/knowledge-hub/45524-why-naperville-residents-trust-professional-plumbers-7-key-benefits,Uncategorized,Emergency,,Naperville,Low,"Body mentions 'emergency' ×3 (first 500 words; 4 topic words in all). Location: Naperville (title, High)",approve,
415,45523-mchenry-homeowners-guide-to-emergency-water-heater-fixes-what-to-do-when-hot-water-fails,McHenry Homeowners’ Guide to Emergency Water Heater Fixes: What to Do When Hot Water Fails,published,https://jblantonplumbing.com/knowledge-hub/45523-mchenry-homeowners-guide-to-emergency-water-heater-fixes-what-to-do-when-hot-water-fails,water heater repair,Water Heaters,,McHenry,High,"Old WP category 'water heater repair'. Location: McHenry (title, High)",approve,
414,45523-finding-an-emergency-plumber-in-chicagos-north-and-northwest-side-a-homeowners-guide,Finding an Emergency Plumber in Chicago’s North and Northwest Side: A Homeowner’s Guide,published,https://jblantonplumbing.com/knowledge-hub/45523-finding-an-emergency-plumber-in-chicagos-north-and-northwest-side-a-homeowners-guide,emergency plumbing,Emergency,,Chicagoland,High,"Old WP category 'emergency plumbing'. Location: Chicagoland (title ('Chicago' → region), High)",approve,
413,45523-ensuring-hot-water-in-evanston-a-comprehensive-guide-to-water-heater-maintenance,Ensuring Hot Water in Evanston: A Comprehensive Guide to Water Heater Maintenance,published,https://jblantonplumbing.com/knowledge-hub/45523-ensuring-hot-water-in-evanston-a-comprehensive-guide-to-water-heater-maintenance,water heater maintenance,Water Heaters,,Evanston,High,"Old WP category 'water heater maintenance'. Location: Evanston (title, High)",approve,
412,45520-maintaining-comfort-in-hinsdale-5-signs-your-on-demand-water-heater-needs-attention,Maintaining Comfort in Hinsdale: 5 Signs Your On-Demand Water Heater Needs Attention,published,https://jblantonplumbing.com/knowledge-hub/45520-maintaining-comfort-in-hinsdale-5-signs-your-on-demand-water-heater-needs-attention,residential water heater,Water Heaters,,Hinsdale,High,"Old WP category 'residential water heater'. Location: Hinsdale (title, High)",approve,
411,45520-emergency-plumbing-in-elgin-5-key-signs-you-need-a-24-hour-plumber,Emergency Plumbing in Elgin: 5 Key Signs You Need a 24 Hour Plumber,published,https://jblantonplumbing.com/knowledge-hub/45520-emergency-plumbing-in-elgin-5-key-signs-you-need-a-24-hour-plumber,emergency plumbing,Emergency,,Elgin,Low,"Old WP category 'emergency plumbing'. Locations: Elgin (title, High); Chicagoland (body only, Low)",approve,Removed weak location(s): Chicagoland (body-only or ambiguous) — Marketing decision 2026-09-24
410,45520-algonquins-summer-plumbing-challenges-why-heat-waves-trigger-after-hour-emergencies,Algonquin’s Summer Plumbing Challenges: Why Heat Waves Trigger After-Hour Emergencies,published,https://jblantonplumbing.com/knowledge-hub/45520-algonquins-summer-plumbing-challenges-why-heat-waves-trigger-after-hour-emergencies,emergency plumbing,Emergency,,Algonquin,High,"Old WP category 'emergency plumbing'. Location: Algonquin (title, High)",approve,
409,45519-arlington-heights-leads-the-way-exploring-new-energy-efficient-on-demand-water-heaters-for-your-home,Arlington Heights Leads the Way: Exploring New Energy-Efficient On-Demand Water Heaters for Your Home,published,https://jblantonplumbing.com/knowledge-hub/45519-arlington-heights-leads-the-way-exploring-new-energy-efficient-on-demand-water-heaters-for-your-home,residential water heater,Water Heaters,,Arlington Heights,High,"Old WP category 'residential water heater'. Location: Arlington Heights (title, High)",approve,
408,45519-keeping-northbrook-bathrooms-flowing-smoothly-a-comprehensive-plumbing-maintenance-guide,Keeping Northbrook Bathrooms Flowing Smoothly: A Comprehensive Plumbing Maintenance Guide,published,https://jblantonplumbing.com/knowledge-hub/45519-keeping-northbrook-bathrooms-flowing-smoothly-a-comprehensive-plumbing-maintenance-guide,bathroom plumbing,Plumbing Tips,,Northbrook,High,"Old WP category 'bathroom plumbing'. Location: Northbrook (title, High)",approve,
407,45519-top-5-signs-for-naperville-homeowners-to-know-when-its-time-to-replace-your-on-demand-water-heater,Top 5 Signs for Naperville Homeowners To Know When It's Time to Replace Your On-Demand Water Heater,published,https://jblantonplumbing.com/knowledge-hub/45519-top-5-signs-for-naperville-homeowners-to-know-when-its-time-to-replace-your-on-demand-water-heater,residential water heater,Water Heaters,,Naperville,Low,"Old WP category 'residential water heater'. Locations: Naperville (title, High); Chicagoland (body only, Low)",approve,Removed weak location(s): Chicagoland (body-only or ambiguous) — Marketing decision 2026-09-24
406,45518-how-mchenry-residents-can-tackle-sediment-buildup-for-a-quick-water-heater-fix,How McHenry Residents Can Tackle Sediment Buildup for a Quick Water Heater Fix,published,https://jblantonplumbing.com/knowledge-hub/45518-how-mchenry-residents-can-tackle-sediment-buildup-for-a-quick-water-heater-fix,water heater repair,Water Heaters,,McHenry,High,"Old WP category 'water heater repair'. Location: McHenry (title, High)",approve,
405,45518-north-and-northwest-side-of-chicago-homeowners-7-common-items-that-cause-clogged-drains,North and Northwest Side of Chicago Homeowners: 7 Common Items That Cause Clogged Drains,published,https://jblantonplumbing.com/knowledge-hub/45518-north-and-northwest-side-of-chicago-homeowners-7-common-items-that-cause-clogged-drains,Uncategorized,Drains,,Chicagoland,Low,"Title/slug mentions 'drains' ×2. Locations: Chicagoland (title ('Chicago' → region), High); Lincoln Park (body only, ambiguous name, Low)",approve,Removed weak location(s): Lincoln Park (body-only or ambiguous) — Marketing decision 2026-09-24
404,45518-why-evanston-homeowners-need-after-hours-plumbing-to-combat-summer-sewer-backups,Why Evanston Homeowners Need After-Hours Plumbing to Combat Summer Sewer Backups,published,https://jblantonplumbing.com/knowledge-hub/45518-why-evanston-homeowners-need-after-hours-plumbing-to-combat-summer-sewer-backups,emergency plumbing,Emergency,,Evanston,High,"Old WP category 'emergency plumbing'. Location: Evanston (title, High)",approve,
403,45517-optimize-your-hinsdale-homes-water-heater-thermostat-roles-and-how-to-fix-them,Optimize Your Hinsdale Home’s Water Heater: Thermostat Roles and How to Fix Them,published,https://jblantonplumbing.com/knowledge-hub/45517-optimize-your-hinsdale-homes-water-heater-thermostat-roles-and-how-to-fix-them,water heater repair,Water Heaters,,Hinsdale,High,"Old WP category 'water heater repair'. Location: Hinsdale (title, High)",approve,
402,45517-a-restaurants-plumbing-emergency-how-after-hours-plumbing-saved-an-elgin-favorite,A Restaurant’s Plumbing Emergency: How After Hours Plumbing Saved an Elgin Favorite,published,https://jblantonplumbing.com/knowledge-hub/45517-a-restaurants-plumbing-emergency-how-after-hours-plumbing-saved-an-elgin-favorite,emergency plumbing,Emergency,,Elgin,Low,"Old WP category 'emergency plumbing'. Locations: Elgin (title, High); Chicagoland (body only, Low)",approve,Removed weak location(s): Chicagoland (body-only or ambiguous) — Marketing decision 2026-09-24
401,45517-algonquin-homeowners-guide-to-maintaining-your-on-demand-water-heater-for-peak-performance,Algonquin Homeowners’ Guide to Maintaining Your On-Demand Water Heater for Peak Performance,published,https://jblantonplumbing.com/knowledge-hub/45517-algonquin-homeowners-guide-to-maintaining-your-on-demand-water-heater-for-peak-performance,residential water heater,Water Heaters,,Algonquin,High,"Old WP category 'residential water heater'. Location: Algonquin (title, High)",approve,
400,45516-how-arlington-heights-homeowners-benefit-from-the-latest-sewer-drain-clearing-technologies,How Arlington Heights Homeowners Benefit from the Latest Sewer Drain Clearing Technologies,published,https://jblantonplumbing.com/knowledge-hub/45516-how-arlington-heights-homeowners-benefit-from-the-latest-sewer-drain-clearing-technologies,Uncategorized,Sewers,Drains,Arlington Heights,Medium,"Title/slug mentions 'sewer' ×2. Location: Arlington Heights (title, High)",approve,
399,45516-northbrook-homeowners-guide-to-extending-water-heater-lifespan-with-regular-maintenance,Northbrook Homeowners' Guide to Extending Water Heater Lifespan with Regular Maintenance,published,https://jblantonplumbing.com/knowledge-hub/45516-northbrook-homeowners-guide-to-extending-water-heater-lifespan-with-regular-maintenance,water heater maintenance,Water Heaters,,Northbrook,High,"Old WP category 'water heater maintenance'. Location: Northbrook (title, High)",approve,
398,45516-sizing-up-your-options-tankless-water-heaters-for-every-naperville-home,Sizing Up Your Options: Tankless Water Heaters for Every Naperville Home,published,https://jblantonplumbing.com/knowledge-hub/45516-sizing-up-your-options-tankless-water-heaters-for-every-naperville-home,tankless water heater,Water Heaters,,Naperville,High,"Old WP category 'tankless water heater'. Location: Naperville (title, High)",approve,
397,45513-mchenrys-secret-to-long-lasting-pipes-the-6-key-benefits-of-professional-plumbing-maintenance,McHenry’s Secret to Long-Lasting Pipes: The 6 Key Benefits of Professional Plumbing Maintenance,published,https://jblantonplumbing.com/knowledge-hub/45513-mchenrys-secret-to-long-lasting-pipes-the-6-key-benefits-of-professional-plumbing-maintenance,Uncategorized,Plumbing Tips,,McHenry,Medium,"Title/slug mentions 'maintenance' ×2. Location: McHenry (title, High)",approve,
396,45513-understanding-shower-leaks-in-chicagos-north-and-northwest-side-causes-and-solutions,Understanding Shower Leaks in Chicago’s North and Northwest Side: Causes and Solutions,published,https://jblantonplumbing.com/knowledge-hub/45513-understanding-shower-leaks-in-chicagos-north-and-northwest-side-causes-and-solutions,shower repair,Plumbing Tips,,Chicagoland,High,"Old WP category 'shower repair'. Location: Chicagoland (title ('Chicago' → region), High)",approve,
395,45513-what-evanston-residents-should-know-about-video-camera-sewer-inspections,What Evanston Residents Should Know About Video Camera Sewer Inspections,published,https://jblantonplumbing.com/knowledge-hub/45513-what-evanston-residents-should-know-about-video-camera-sewer-inspections,Uncategorized,Sewers,,Evanston,Medium,"Title/slug mentions 'sewer' ×2. Location: Evanston (title, High)",approve,
394,45512-keep-your-hinsdale-kitchen-running-smoothly-5-signs-you-need-garbage-disposal-repair,Keep Your Hinsdale Kitchen Running Smoothly: 5 Signs You Need Garbage Disposal Repair,published,https://jblantonplumbing.com/knowledge-hub/45512-keep-your-hinsdale-kitchen-running-smoothly-5-signs-you-need-garbage-disposal-repair,Uncategorized,Plumbing Tips,,Hinsdale,Low,"Title/slug mentions 'kitchen' ×2. Locations: Hinsdale (title, High); Chicagoland (body only, Low)",approve,Removed weak location(s): Chicagoland (body-only or ambiguous) — Marketing decision 2026-09-24
393,45512-why-elgin-residents-should-hire-a-same-day-plumber-for-immediate-fixes,Why Elgin Residents Should Hire a Same Day Plumber for Immediate Fixes,published,https://jblantonplumbing.com/knowledge-hub/45512-why-elgin-residents-should-hire-a-same-day-plumber-for-immediate-fixes,Uncategorized,Emergency,,Elgin,Low,"Body mentions 'emergencies' ×7 (first 500 words; 9 topic words in all). Location: Elgin (title, High)",approve,
392,45512-a-homeowners-guide-to-finding-a-reliable-plumber-in-algonquin,A Homeowner’s Guide to Finding a Reliable Plumber in Algonquin,published,https://jblantonplumbing.com/knowledge-hub/45512-a-homeowners-guide-to-finding-a-reliable-plumber-in-algonquin,Uncategorized,Plumbing Tips,,Algonquin,Low,"Body mentions 'maintenance' ×2 (first 500 words; 2 topic words in all). Locations: Algonquin (title, High); McHenry (body only, Low)",approve,Removed weak location(s): McHenry (body-only or ambiguous) — Marketing decision 2026-09-24
391,45511-the-secret-to-fewer-plumbing-repairs-in-arlington-heights-regular-maintenance,The Secret to Fewer Plumbing Repairs in Arlington Heights: Regular Maintenance,published,https://jblantonplumbing.com/knowledge-hub/45511-the-secret-to-fewer-plumbing-repairs-in-arlington-heights-regular-maintenance,Uncategorized,Plumbing Tips,,Arlington Heights,Low,"Title/slug mentions 'maintenance' ×2. Locations: Arlington Heights (title, High); Chicagoland (body only, Low)",approve,Removed weak location(s): Chicagoland (body-only or ambiguous) — Marketing decision 2026-09-24
390,45511-maximizing-your-investment-how-northbrook-homeowners-can-extend-the-lifespan-of-their-new-water-heater,Maximizing Your Investment: How Northbrook Homeowners Can Extend the Lifespan of Their New Water Heater,published,https://jblantonplumbing.com/knowledge-hub/45511-maximizing-your-investment-how-northbrook-homeowners-can-extend-the-lifespan-of-their-new-water-heater,water heater installation,Water Heaters,,Northbrook,High,"Old WP category 'water heater installation'. Location: Northbrook (title, High)",approve,
389,45511-discover-napervilles-advanced-video-camera-sewer-inspections-with-hd-and-remote-viewing,Discover Naperville’s Advanced Video Camera Sewer Inspections with HD and Remote Viewing,published,https://jblantonplumbing.com/knowledge-hub/45511-discover-napervilles-advanced-video-camera-sewer-inspections-with-hd-and-remote-viewing,Uncategorized,Sewers,,Naperville,Medium,"Title/slug mentions 'sewer' ×2. Location: Naperville (title, High)",approve,
388,45510-why-mchenry-residents-should-opt-for-professional-plumbing-fixture-installations,Why McHenry Residents Should Opt for Professional Plumbing Fixture Installations,published,https://jblantonplumbing.com/knowledge-hub/45510-why-mchenry-residents-should-opt-for-professional-plumbing-fixture-installations,Uncategorized,Plumbing Tips,,McHenry,Low,"Body mentions 'leaks' ×2 (first 500 words; 3 topic words in all). Location: McHenry (title, High)",approve,
387,45510-preventing-clogged-drains-essential-advice-for-north-and-northwest-side-of-chicago-residents,Preventing Clogged Drains: Essential Advice for North and Northwest Side of Chicago Residents,published,https://jblantonplumbing.com/knowledge-hub/45510-preventing-clogged-drains-essential-advice-for-north-and-northwest-side-of-chicago-residents,Uncategorized,Drains,,Chicagoland,Low,"Title/slug mentions 'drains' ×2. Locations: Chicagoland (title ('Chicago' → region), High); Lincoln Park (body only, ambiguous name, Low)",approve,Removed weak location(s): Lincoln Park (body-only or ambiguous) — Marketing decision 2026-09-24
386,45510-top-5-tips-for-choosing-the-perfect-plumbing-fixtures-for-your-evanston-home,Top 5 Tips for Choosing the Perfect Plumbing Fixtures for Your Evanston Home,published,https://jblantonplumbing.com/knowledge-hub/45510-top-5-tips-for-choosing-the-perfect-plumbing-fixtures-for-your-evanston-home,Uncategorized,Plumbing Tips,,Evanston,Low,"Body mentions 'faucets' ×2 (first 500 words; 6 topic words in all). Locations: Evanston (title, High); Chicagoland (body only, Low)",approve,Removed weak location(s): Chicagoland (body-only or ambiguous) — Marketing decision 2026-09-24
385,45510-tackling-hinsdales-drain-clogs-effective-solutions-through-drain-cleaning,Tackling Hinsdale’s Drain Clogs: Effective Solutions Through Drain Cleaning,published,https://jblantonplumbing.com/knowledge-hub/45510-tackling-hinsdales-drain-clogs-effective-solutions-through-drain-cleaning,Uncategorized,Drains,,Hinsdale,Low,"Title/slug mentions 'drain' ×4. Locations: Hinsdale (title, High); Chicagoland (body only, Low)",approve,Removed weak location(s): Chicagoland (body-only or ambiguous) — Marketing decision 2026-09-24
384,45509-why-elgin-homeowners-should-hire-licensed-plumbing-contractors-for-home-projects,Why Elgin Homeowners Should Hire Licensed Plumbing Contractors for Home Projects,published,https://jblantonplumbing.com/knowledge-hub/45509-why-elgin-homeowners-should-hire-licensed-plumbing-contractors-for-home-projects,Uncategorized,,,Elgin,Low,"No signal. Location: Elgin (title, High)",,
383,45509-smart-sewer-maintenance-in-algonquin-cost-effective-video-camera-inspection-solutions,Smart Sewer Maintenance in Algonquin: Cost-Effective Video Camera Inspection Solutions,published,https://jblantonplumbing.com/knowledge-hub/45509-smart-sewer-maintenance-in-algonquin-cost-effective-video-camera-inspection-solutions,Uncategorized,Sewers,Plumbing Tips,Algonquin,Low,"Title/slug mentions 'sewer' ×2. Locations: Algonquin (title, High); McHenry (body only, Low)",approve,Removed weak location(s): McHenry (body-only or ambiguous) — Marketing decision 2026-09-24
382,45509-keep-your-arlington-heights-home-safe-recognize-when-your-sewer-drain-needs-clearing,Keep Your Arlington Heights Home Safe: Recognize When Your Sewer Drain Needs Clearing,published,https://jblantonplumbing.com/knowledge-hub/45509-keep-your-arlington-heights-home-safe-recognize-when-your-sewer-drain-needs-clearing,Uncategorized,Sewers,Drains,Arlington Heights,Medium,"Title/slug mentions 'sewer' ×2. Location: Arlington Heights (title, High)",approve,
381,45506-northbrooks-ultimate-guide-to-home-gas-line-inspection-and-maintenance,Northbrook's Ultimate Guide to Home Gas Line Inspection and Maintenance,published,https://jblantonplumbing.com/knowledge-hub/45506-northbrooks-ultimate-guide-to-home-gas-line-inspection-and-maintenance,gas lines,Gas Lines,,Northbrook,High,"Old WP category 'gas lines'. Location: Northbrook (title, High)",approve,
380,45506-case-study-what-homeowners-should-know-about-experiencing-a-sewer-line-cleanout-in-naperville,Case Study: What Homeowners Should Know About Experiencing a Sewer Line Cleanout in Naperville,published,https://jblantonplumbing.com/knowledge-hub/45506-case-study-what-homeowners-should-know-about-experiencing-a-sewer-line-cleanout-in-naperville,sewer maintenance,Sewers,,Naperville,High,"Old WP category 'sewer maintenance'. Location: Naperville (title, High)",approve,
379,45506-expert-tips-for-mchenry-residents-diy-vs-professional-toilet-replacement,Expert Tips for McHenry Residents: DIY vs. Professional Toilet Replacement,published,https://jblantonplumbing.com/knowledge-hub/45506-expert-tips-for-mchenry-residents-diy-vs-professional-toilet-replacement,bathroom plumbing,Plumbing Tips,,McHenry,High,"Old WP category 'bathroom plumbing'. Location: McHenry (title, High)",approve,
378,45505-protecting-your-home-in-chicagos-north-and-northwest-side-the-role-of-regular-drain-basin-maintenance,Protecting Your Home in Chicago's North and Northwest Side: The Role of Regular Drain Basin Maintenance,published,https://jblantonplumbing.com/knowledge-hub/45505-protecting-your-home-in-chicagos-north-and-northwest-side-the-role-of-regular-drain-basin-maintenance,Uncategorized,Drains,Plumbing Tips,Chicagoland,Low,"Title/slug mentions 'drain' ×2. Locations: Chicagoland (title ('Chicago' → region), High); Lincoln Park (body only, ambiguous name, Low)",approve,Removed weak location(s): Lincoln Park (body-only or ambiguous) — Marketing decision 2026-09-24
377,45505-transform-your-evanston-bathroom-a-guide-to-selecting-the-ideal-toilet-replacement,Transform Your Evanston Bathroom: A Guide to Selecting the Ideal Toilet Replacement,published,https://jblantonplumbing.com/knowledge-hub/45505-transform-your-evanston-bathroom-a-guide-to-selecting-the-ideal-toilet-replacement,bathroom plumbing,Plumbing Tips,,Evanston,Low,"Old WP category 'bathroom plumbing'. Locations: Evanston (title, High); Chicagoland (body only, Low)",approve,Removed weak location(s): Chicagoland (body-only or ambiguous) — Marketing decision 2026-09-24
376,45505-upgrade-your-hinsdale-home-the-top-5-kitchen-faucet-styles-to-consider,Upgrade Your Hinsdale Home: The Top 5 Kitchen Faucet Styles to Consider,published,https://jblantonplumbing.com/knowledge-hub/45505-upgrade-your-hinsdale-home-the-top-5-kitchen-faucet-styles-to-consider,kitchen faucet repair and installation,Plumbing Tips,,Hinsdale,Low,"Old WP category 'kitchen faucet repair and installation'. Locations: Hinsdale (title, High); Chicagoland (body only, Low)",approve,Removed weak location(s): Chicagoland (body-only or ambiguous) — Marketing decision 2026-09-24
375,45504-gas-line-facts-for-elgin-homes-separating-myths-from-reality,Gas Line Facts for Elgin Homes: Separating Myths from Reality,published,https://jblantonplumbing.com/knowledge-hub/45504-gas-line-facts-for-elgin-homes-separating-myths-from-reality,gas lines,Gas Lines,,Elgin,High,"Old WP category 'gas lines'. Location: Elgin (title, High)",approve,
374,45504-clear-up-water-issues-in-algonquin-top-tips-to-fix-water-heater-discoloration-problems,Clear Up Water Issues in Algonquin: Top Tips to Fix Water Heater Discoloration Problems,published,https://jblantonplumbing.com/knowledge-hub/45504-clear-up-water-issues-in-algonquin-top-tips-to-fix-water-heater-discoloration-problems,water heater repair,Water Heaters,,Algonquin,Low,"Old WP category 'water heater repair'. Locations: Algonquin (title, High); Chicagoland (body only, Low)",approve,Removed weak location(s): Chicagoland (body-only or ambiguous) — Marketing decision 2026-09-24
373,45504-arlington-heights-kitchen-maintenance-tips-for-clearing-and-preventing-sink-drain-clogs,Arlington Heights Kitchen Maintenance Tips for Clearing and Preventing Sink Drain Clogs,published,https://jblantonplumbing.com/knowledge-hub/45504-arlington-heights-kitchen-maintenance-tips-for-clearing-and-preventing-sink-drain-clogs,kitchen sink drain,Drains,,Arlington Heights,Low,"Old WP category 'kitchen sink drain'. Locations: Arlington Heights (title, High); Chicagoland (body only, Low)",approve,Removed weak location(s): Chicagoland (body-only or ambiguous) — Marketing decision 2026-09-24
372,45503-sewage-line-backups-in-northbrook-what-homeowners-need-to-know-about-health-risks,Sewage Line Backups in Northbrook: What Homeowners Need to Know About Health Risks,published,https://jblantonplumbing.com/knowledge-hub/45503-sewage-line-backups-in-northbrook-what-homeowners-need-to-know-about-health-risks,Uncategorized,Sewers,,Northbrook,Low,"Title/slug mentions 'sewage' ×2. Locations: Northbrook (title, High); Chicagoland (body only, Low)",approve,Removed weak location(s): Chicagoland (body-only or ambiguous) — Marketing decision 2026-09-24
371,45503-napervilles-essential-guide-to-gas-lines-types-materials-and-installation,"Naperville's Essential Guide to Gas Lines: Types, Materials, and Installation",published,https://jblantonplumbing.com/knowledge-hub/45503-napervilles-essential-guide-to-gas-lines-types-materials-and-installation,gas lines,Gas Lines,,Naperville,Low,"Old WP category 'gas lines'. Locations: Naperville (title, High); Chicagoland (body only, Low)",approve,Removed weak location(s): Chicagoland (body-only or ambiguous) — Marketing decision 2026-09-24
370,45503-kitchen-sink-drain-care-in-mchenry-5-tips-for-hassle-free-maintenance,Kitchen Sink Drain Care in McHenry: 5 Tips for Hassle-Free Maintenance,published,https://jblantonplumbing.com/knowledge-hub/45503-kitchen-sink-drain-care-in-mchenry-5-tips-for-hassle-free-maintenance,kitchen sink drain,Drains,,McHenry,High,"Old WP category 'kitchen sink drain'. Location: McHenry (title, High)",approve,
369,45502-innovative-hydro-jetting-uses-in-chicagos-north-and-northwest-side,Innovative Hydro Jetting Uses in Chicago's North and Northwest Side,published,https://jblantonplumbing.com/knowledge-hub/45502-innovative-hydro-jetting-uses-in-chicagos-north-and-northwest-side,hydro jetting,Drains,Sewers,Chicagoland,Low,"Old WP category 'hydro jetting'. Locations: Chicagoland (title ('Chicago' → region), High); Lincoln Park (body only, ambiguous name, Low); Bucktown (body only, Low)",approve,Removed weak location(s): Lincoln Park; Bucktown (body-only or ambiguous) — Marketing decision 2026-09-24
368,45502-upgrade-your-evanston-kitchen-diy-kitchen-sink-drain-installation-tips,Upgrade Your Evanston Kitchen: DIY Kitchen Sink Drain Installation Tips,published,https://jblantonplumbing.com/knowledge-hub/45502-upgrade-your-evanston-kitchen-diy-kitchen-sink-drain-installation-tips,kitchen sink drain,Drains,,Evanston,Low,"Old WP category 'kitchen sink drain'. Locations: Evanston (title, High); Chicagoland (body only, Low)",approve,Removed weak location(s): Chicagoland (body-only or ambiguous) — Marketing decision 2026-09-24
367,45502-top-5-signs-its-time-for-hinsdale-residents-to-replace-their-toilet,Top 5 Signs It’s Time for Hinsdale Residents to Replace Their Toilet,published,https://jblantonplumbing.com/knowledge-hub/45502-top-5-signs-its-time-for-hinsdale-residents-to-replace-their-toilet,bathroom plumbing,Plumbing Tips,,Hinsdale,Low,"Old WP category 'bathroom plumbing'. Locations: Hinsdale (title, High); Chicagoland (body only, Low)",approve,Removed weak location(s): Chicagoland (body-only or ambiguous) — Marketing decision 2026-09-24
366,45499-secure-your-elgin-home-steps-to-prevent-future-sewer-line-breaks,Secure Your Elgin Home: Steps to Prevent Future Sewer Line Breaks,published,https://jblantonplumbing.com/knowledge-hub/45499-secure-your-elgin-home-steps-to-prevent-future-sewer-line-breaks,sewer repair,Sewers,,Elgin,High,"Old WP category 'sewer repair'. Location: Elgin (title, High)",approve,
365,45499-algonquins-plumbing-revolution-debunking-myths-about-trenchless-sewer-repair,Algonquin's Plumbing Revolution: Debunking Myths About Trenchless Sewer Repair,published,https://jblantonplumbing.com/knowledge-hub/45499-algonquins-plumbing-revolution-debunking-myths-about-trenchless-sewer-repair,trenchless sewer repair,Sewers,,Algonquin,Low,"Old WP category 'trenchless sewer repair'. Locations: Algonquin (title, High); Chicagoland (body only, Low)",approve,Removed weak location(s): Chicagoland (body-only or ambiguous) — Marketing decision 2026-09-24
364,45499-elevate-your-arlington-heights-home-with-the-newest-tankless-water-heater-technologies,Elevate Your Arlington Heights Home with the Newest Tankless Water Heater Technologies,published,https://jblantonplumbing.com/knowledge-hub/45499-elevate-your-arlington-heights-home-with-the-newest-tankless-water-heater-technologies,tankless water heater,Water Heaters,,Arlington Heights,Low,"Old WP category 'tankless water heater'. Locations: Arlington Heights (title, High); Chicagoland (body only, Low)",approve,Removed weak location(s): Chicagoland (body-only or ambiguous) — Marketing decision 2026-09-24
363,45498-how-northbrook-homeowners-can-prevent-costly-plumbing-repairs-with-drain-camera-inspections,How Northbrook Homeowners Can Prevent Costly Plumbing Repairs with Drain Camera Inspections,published,https://jblantonplumbing.com/knowledge-hub/45498-how-northbrook-homeowners-can-prevent-costly-plumbing-repairs-with-drain-camera-inspections,sewer camera inspection,Sewers,,Northbrook,Low,"Old WP category 'sewer camera inspection'. Locations: Northbrook (title, High); Chicagoland (body only, Low)",approve,Removed weak location(s): Chicagoland (body-only or ambiguous) — Marketing decision 2026-09-24
362,45498-protect-your-naperville-home-and-wallet-with-professional-sewer-line-maintenance,Protect Your Naperville Home and Wallet with Professional Sewer Line Maintenance,published,https://jblantonplumbing.com/knowledge-hub/45498-protect-your-naperville-home-and-wallet-with-professional-sewer-line-maintenance,sewer maintenance,Sewers,,Naperville,High,"Old WP category 'sewer maintenance'. Location: Naperville (title, High)",approve,
361,45498-5-warning-signs-that-your-sewer-line-needs-immediate-maintenance-in-mchenry-home,5 Warning Signs That Your Sewer Line Needs Immediate Maintenance in McHenry Home,published,https://jblantonplumbing.com/knowledge-hub/45498-5-warning-signs-that-your-sewer-line-needs-immediate-maintenance-in-mchenry-home,sewer maintenance,Sewers,,McHenry,High,"Old WP category 'sewer maintenance'. Location: McHenry (title, High)",approve,
360,45497-maximize-your-tankless-water-heaters-lifespan-essential-tips-for-chicagos-north-and-northwest-side,Maximize Your Tankless Water Heater's Lifespan: Essential Tips for Chicago's North and Northwest Side,published,https://jblantonplumbing.com/knowledge-hub/45497-maximize-your-tankless-water-heaters-lifespan-essential-tips-for-chicagos-north-and-northwest-side,tankless water heater,Water Heaters,,Chicagoland,Low,"Old WP category 'tankless water heater'. Locations: Chicagoland (title ('Chicago' → region), High); Lincoln Park (body only, ambiguous name, Low)",approve,Removed weak location(s): Lincoln Park (body-only or ambiguous) — Marketing decision 2026-09-24
359,45497-7-essential-tips-for-upgrading-your-evanston-home-with-new-plumbing-fixtures,7 Essential Tips for Upgrading Your Evanston Home with New Plumbing Fixtures,published,https://jblantonplumbing.com/knowledge-hub/45497-7-essential-tips-for-upgrading-your-evanston-home-with-new-plumbing-fixtures,Uncategorized,Plumbing Tips,,Evanston,Low,"Body mentions 'kitchen' ×2 (first 500 words; 14 topic words in all). Locations: Evanston (title, High); Chicagoland (body only, Low)",approve,Removed weak location(s): Chicagoland (body-only or ambiguous) — Marketing decision 2026-09-24
358,45497-how-24-hour-plumbing-service-saved-a-hinsdale-familys-summer-event,How 24-Hour Plumbing Service Saved a Hinsdale Family's Summer Event,published,https://jblantonplumbing.com/knowledge-hub/45497-how-24-hour-plumbing-service-saved-a-hinsdale-familys-summer-event,emergency plumbing,Emergency,,Hinsdale,High,"Old WP category 'emergency plumbing'. Location: Hinsdale (title, High)",approve,
357,45496-why-elgin-residents-need-24-7-plumbing-services-during-the-summer,Why Elgin Residents Need 24/7 Plumbing Services During the Summer,published,https://jblantonplumbing.com/knowledge-hub/45496-why-elgin-residents-need-24-7-plumbing-services-during-the-summer,emergency plumbing,Emergency,,Elgin,High,"Old WP category 'emergency plumbing'. Location: Elgin (title, High)",approve,
356,45496-finding-the-best-plumbing-repair-service-for-your-home-in-algonquin,Finding the Best Plumbing Repair Service for Your Home in Algonquin,published,https://jblantonplumbing.com/knowledge-hub/45496-finding-the-best-plumbing-repair-service-for-your-home-in-algonquin,Uncategorized,Plumbing Tips,,Algonquin,Low,"Body mentions 'faucet' ×1 (first 500 words; 4 topic words in all). Locations: Algonquin (title, High); McHenry (body only, Low)",approve,Removed weak location(s): McHenry (body-only or ambiguous) — Marketing decision 2026-09-24
355,45496-arlington-heights-homeowners-troubleshooting-water-heater-pilot-light-issues-made-easy,Arlington Heights Homeowners: Troubleshooting Water Heater Pilot Light Issues Made Easy,published,https://jblantonplumbing.com/knowledge-hub/45496-arlington-heights-homeowners-troubleshooting-water-heater-pilot-light-issues-made-easy,water heater repair,Water Heaters,,Arlington Heights,High,"Old WP category 'water heater repair'. Location: Arlington Heights (title, High)",approve,
354,45495-northbrooks-best-sewer-solutions-comparing-trenchless-and-traditional-repairs,Northbrook’s Best Sewer Solutions: Comparing Trenchless and Traditional Repairs,published,https://jblantonplumbing.com/knowledge-hub/45495-northbrooks-best-sewer-solutions-comparing-trenchless-and-traditional-repairs,trenchless sewer repair,Sewers,,Northbrook,High,"Old WP category 'trenchless sewer repair'. Location: Northbrook (title, High)",approve,
353,45495-naperville-sewer-solutions-your-step-by-step-guide-to-repairing-a-broken-sewer-line,Naperville Sewer Solutions: Your Step-by-Step Guide to Repairing a Broken Sewer Line,published,https://jblantonplumbing.com/knowledge-hub/45495-naperville-sewer-solutions-your-step-by-step-guide-to-repairing-a-broken-sewer-line,sewer repair,Sewers,,Naperville,High,"Old WP category 'sewer repair'. Location: Naperville (title, High)",approve,
352,45495-keeping-mchenry-businesses-flowing-the-essential-role-of-regular-drain-cleaning-for-commercial-properties,Keeping McHenry Businesses Flowing: The Essential Role of Regular Drain Cleaning for Commercial Properties,published,https://jblantonplumbing.com/knowledge-hub/45495-keeping-mchenry-businesses-flowing-the-essential-role-of-regular-drain-cleaning-for-commercial-properties,Uncategorized,Commercial,Drains,McHenry,Medium,"Title/slug mentions 'commercial' ×2. Location: McHenry (title, High)",approve,
351,45492-how-to-spot-water-heater-issues-essential-maintenance-tips-for-chicagos-north-and-northwest-side-residents,How to Spot Water Heater Issues: Essential Maintenance Tips for Chicago’s North and Northwest Side Residents,published,https://jblantonplumbing.com/knowledge-hub/45492-how-to-spot-water-heater-issues-essential-maintenance-tips-for-chicagos-north-and-northwest-side-residents,water heater maintenance,Water Heaters,,Chicagoland,Low,"Old WP category 'water heater maintenance'. Locations: Chicagoland (title ('Chicago' → region), High); Lincoln Park (body only, ambiguous name, Low)",approve,Removed weak location(s): Lincoln Park (body-only or ambiguous) — Marketing decision 2026-09-24
350,45492-elevate-your-evanston-home-expert-tips-for-diy-plumbing-fixture-installation,Elevate Your Evanston Home: Expert Tips for DIY Plumbing Fixture Installation,published,https://jblantonplumbing.com/knowledge-hub/45492-elevate-your-evanston-home-expert-tips-for-diy-plumbing-fixture-installation,Uncategorized,Plumbing Tips,,Evanston,Low,"Title/slug mentions 'diy' ×2. Locations: Evanston (title, High); Chicagoland (body only, Low)",approve,Removed weak location(s): Chicagoland (body-only or ambiguous) — Marketing decision 2026-09-24
349,45492-the-benefits-of-regular-sewer-cleanout-services-in-hinsdale,Keeping Hinsdale's Homes Flowing: The Advantages of Regular Sewer Cleanout Services,published,https://jblantonplumbing.com/knowledge-hub/45492-the-benefits-of-regular-sewer-cleanout-services-in-hinsdale,sewer maintenance,Sewers,,Hinsdale,High,"Old WP category 'sewer maintenance'. Location: Hinsdale (title, High)",approve,
348,45491-how-technology-transforms-24-hour-plumbing-services,How Technology Transforms 24 Hour Plumbing Services,published,https://jblantonplumbing.com/knowledge-hub/45491-how-technology-transforms-24-hour-plumbing-services,emergency plumbing,Emergency,,,Low,"Old WP category 'emergency plumbing'. Location: Elgin (body only, Low)",approve,Removed weak location(s): Elgin (body-only or ambiguous) — Marketing decision 2026-09-24
347,45491-algonquins-guide-to-trenchless-sewer-repair-comparing-pipe-bursting-and-pipe-lining,Algonquin’s Guide to Trenchless Sewer Repair: Comparing Pipe Bursting and Pipe Lining,published,https://jblantonplumbing.com/knowledge-hub/45491-algonquins-guide-to-trenchless-sewer-repair-comparing-pipe-bursting-and-pipe-lining,trenchless sewer repair,Sewers,,Algonquin,High,"Old WP category 'trenchless sewer repair'. Location: Algonquin (title, High)",approve,
346,45491-case-study-the-risks-of-ignoring-a-broken-sewer-line,"Case Study: The Risks of Ignoring a Broken Sewer Line, an Arlington Heights Family’s True Story",published,https://jblantonplumbing.com/knowledge-hub/45491-case-study-the-risks-of-ignoring-a-broken-sewer-line,sewer repair,Sewers,,Arlington Heights,Low,"Old WP category 'sewer repair'. Locations: Arlington Heights (title, High); Chicagoland (body only, Low)",approve,Removed weak location(s): Chicagoland (body-only or ambiguous) — Marketing decision 2026-09-24
345,45490-the-essential-role-of-sewer-line-maintenance-in-protecting-your-homes-plumbing-system-in-northbrook,The Essential Role of Sewer Line Maintenance in Protecting Your Home’s Plumbing System in Northbrook,published,https://jblantonplumbing.com/knowledge-hub/45490-the-essential-role-of-sewer-line-maintenance-in-protecting-your-homes-plumbing-system-in-northbrook,sewer maintenance,Sewers,,Northbrook,Low,"Old WP category 'sewer maintenance'. Locations: Northbrook (title, High); Chicagoland (body only, Low)",approve,Removed weak location(s): Chicagoland (body-only or ambiguous) — Marketing decision 2026-09-24
344,45490-emergency-plumber-alert-the-top-5-reasons-you-might-need-one-in-naperville,Emergency Plumber Alert: The Top 5 Reasons You Might Need One in Naperville,published,https://jblantonplumbing.com/knowledge-hub/45490-emergency-plumber-alert-the-top-5-reasons-you-might-need-one-in-naperville,emergency plumbing,Emergency,,Naperville,Low,"Old WP category 'emergency plumbing'. Locations: Naperville (title, High); Chicagoland (body only, Low)",approve,Removed weak location(s): Chicagoland (body-only or ambiguous) — Marketing decision 2026-09-24
343,45490-top-5-new-techniques-in-plumbing-repair-faster-and-more-effective-solutions-in-mchenry,Top 5 New Techniques in Plumbing Repair: Faster and More Effective Solutions in McHenry,published,https://jblantonplumbing.com/knowledge-hub/45490-top-5-new-techniques-in-plumbing-repair-faster-and-more-effective-solutions-in-mchenry,Uncategorized,Plumbing Tips,,McHenry,Low,"Body mentions 'pipes' ×5 (first 500 words; 12 topic words in all). Location: McHenry (title, High)",approve,
342,45489-how-do-temporary-solutions-for-sewer-repair-until-a-professional-arrives-in-north-and-northwest-side-of-chicago,How-Do: Temporary Solutions for Sewer Repair Until a Professional Arrives in North and Northwest Side of Chicago,published,https://jblantonplumbing.com/knowledge-hub/45489-how-do-temporary-solutions-for-sewer-repair-until-a-professional-arrives-in-north-and-northwest-side-of-chicago,sewer repair,Sewers,,Chicagoland,High,"Old WP category 'sewer repair'. Location: Chicagoland (title ('Chicago' → region), High)",approve,
341,45489-how-often-should-you-schedule-a-drain-camera-inspection-in-evanston,How Often Should You Schedule a Drain Camera Inspection in Evanston?,published,https://jblantonplumbing.com/knowledge-hub/45489-how-often-should-you-schedule-a-drain-camera-inspection-in-evanston,sewer camera inspection,Sewers,,Evanston,High,"Old WP category 'sewer camera inspection'. Location: Evanston (title, High)",approve,
340,45489-how-to-clear-stubborn-sewer-drain-clogs-without-chemicals-in-hinsdale,How to Clear Stubborn Sewer Drain Clogs Without Chemicals in Hinsdale,published,https://jblantonplumbing.com/knowledge-hub/45489-how-to-clear-stubborn-sewer-drain-clogs-without-chemicals-in-hinsdale,Uncategorized,Drains,Sewers,Hinsdale,Low,"Title/slug mentions 'drain' ×2. Locations: Hinsdale (title, High); Chicagoland (body only, Low)",approve,Removed weak location(s): Chicagoland (body-only or ambiguous) — Marketing decision 2026-09-24
339,45488-what-to-expect-the-process-of-a-professional-drain-camera-inspection-in-elgin,What to Expect: The Process of a Professional Drain Camera Inspection in Elgin,published,https://jblantonplumbing.com/knowledge-hub/45488-what-to-expect-the-process-of-a-professional-drain-camera-inspection-in-elgin,sewer camera inspection,Sewers,,Elgin,High,"Old WP category 'sewer camera inspection'. Location: Elgin (title, High)",approve,
338,45488-did-you-know-top-5-benefits-of-regularly-scheduled-plumbing-maintenance-services-in-algonquin,Did You Know? Top 5 Benefits of Regularly Scheduled Plumbing Maintenance Services in Algonquin,published,https://jblantonplumbing.com/knowledge-hub/45488-did-you-know-top-5-benefits-of-regularly-scheduled-plumbing-maintenance-services-in-algonquin,Uncategorized,Plumbing Tips,,Algonquin,Medium,"Title/slug mentions 'maintenance' ×2. Location: Algonquin (title, High)",approve,
337,45488-how-professional-drain-cleaning-can-improve-your-homes-plumbing-efficiency-in-arlington-heights,How Professional Drain Cleaning Can Improve Your Home’s Plumbing Efficiency in Arlington Heights,published,https://jblantonplumbing.com/knowledge-hub/45488-how-professional-drain-cleaning-can-improve-your-homes-plumbing-efficiency-in-arlington-heights,Uncategorized,Drains,,Arlington Heights,Medium,"Title/slug mentions 'drain' ×2. Location: Arlington Heights (title, High)",approve,
336,45485-understanding-water-heater-pressure-relief-valve-issues-and-how-to-fix-them-in-northbrook,Understanding Water Heater Pressure Relief Valve Issues and How to Fix Them in Northbrook,published,https://jblantonplumbing.com/knowledge-hub/45485-understanding-water-heater-pressure-relief-valve-issues-and-how-to-fix-them-in-northbrook,water heater repair,Water Heaters,,Northbrook,Low,"Old WP category 'water heater repair'. Locations: Northbrook (title, High); Chicagoland (body only, Low)",approve,Removed weak location(s): Chicagoland (body-only or ambiguous) — Marketing decision 2026-09-24
335,45485-the-top-5-benefits-of-24-hour-plumbing-service-for-businesses-in-naperville,The Top 5 Benefits of 24 Hour Plumbing Service for Businesses in Naperville,published,https://jblantonplumbing.com/knowledge-hub/45485-the-top-5-benefits-of-24-hour-plumbing-service-for-businesses-in-naperville,emergency plumbing,Emergency,,Naperville,High,"Old WP category 'emergency plumbing'. Location: Naperville (title, High)",approve,
334,45485-new-technologies-for-automated-sewer-maintenance-saving-time-and-money-in-mchenry,New Technologies for Automated Sewer Maintenance: Saving Time and Money in McHenry,published,https://jblantonplumbing.com/knowledge-hub/45485-new-technologies-for-automated-sewer-maintenance-saving-time-and-money-in-mchenry,sewer maintenance,Sewers,,McHenry,High,"Old WP category 'sewer maintenance'. Location: McHenry (title, High)",approve,
333,45484-top-5-signs-its-time-for-a-toilet-replacement-in-north-and-northwest-side-of-chicago,Top 5 Signs It's Time for a Toilet Replacement in North and Northwest Side of Chicago,published,https://jblantonplumbing.com/knowledge-hub/45484-top-5-signs-its-time-for-a-toilet-replacement-in-north-and-northwest-side-of-chicago,Uncategorized,Plumbing Tips,,Chicagoland,Low,"Title/slug mentions 'toilet' ×2. Locations: Chicagoland (title ('Chicago' → region), High); Lincoln Park (body only, ambiguous name, Low)",approve,Removed weak location(s): Lincoln Park (body-only or ambiguous) — Marketing decision 2026-09-24
332,45484-signs-your-gas-line-needs-repair-and-how-to-address-them-in-evanston,Signs Your Gas Line Needs Repair and How to Address Them in Evanston,published,https://jblantonplumbing.com/knowledge-hub/45484-signs-your-gas-line-needs-repair-and-how-to-address-them-in-evanston,gas line repair,Gas Lines,,Evanston,Low,"Old WP category 'gas line repair'. Locations: Evanston (title, High); Chicagoland (body only, Low)",approve,Removed weak location(s): Chicagoland (body-only or ambiguous) — Marketing decision 2026-09-24
331,45484-creating-a-sewer-maintenance-schedule-tips-and-checklist-for-hinsdale-homeowners,Creating a Sewer Maintenance Schedule: Tips and Checklist for Hinsdale Homeowners,published,https://jblantonplumbing.com/knowledge-hub/45484-creating-a-sewer-maintenance-schedule-tips-and-checklist-for-hinsdale-homeowners,sewer maintenance,Sewers,,Hinsdale,High,"Old WP category 'sewer maintenance'. Location: Hinsdale (title, High)",approve,
330,45483-essential-emergency-plumbing-tools-and-equipment-used-by-24-hour-plumbers-in-elgin,Essential Emergency Plumbing Tools and Equipment Used by 24 Hour Plumbers in Elgin,published,https://jblantonplumbing.com/knowledge-hub/45483-essential-emergency-plumbing-tools-and-equipment-used-by-24-hour-plumbers-in-elgin,emergency plumbing,Emergency,,Elgin,High,"Old WP category 'emergency plumbing'. Location: Elgin (title, High)",approve,
329,45483-the-impact-of-hard-water-on-your-water-heater-and-how-to-fix-it-in-algonquin,The Impact of Hard Water on Your Water Heater and How to Fix It in Algonquin,published,https://jblantonplumbing.com/knowledge-hub/45483-the-impact-of-hard-water-on-your-water-heater-and-how-to-fix-it-in-algonquin,water heater repair,Water Heaters,,Algonquin,High,"Old WP category 'water heater repair'. Location: Algonquin (title, High)",approve,
328,45483-trenchless-sewer-line-repair-a-modern-solution-for-broken-sewer-lines-in-arlington-heights,Trenchless Sewer Line Repair: A Modern Solution for Broken Sewer Lines in Arlington Heights,published,https://jblantonplumbing.com/knowledge-hub/45483-trenchless-sewer-line-repair-a-modern-solution-for-broken-sewer-lines-in-arlington-heights,sewer repair,Sewers,,Arlington Heights,Low,"Old WP category 'sewer repair'. Locations: Arlington Heights (title, High); Chicagoland (body only, Low)",approve,Removed weak location(s): Chicagoland (body-only or ambiguous) — Marketing decision 2026-09-24
327,45482-top-5-preventative-maintenance-tips-to-avoid-costly-toilet-repairs-in-northbrook,Top 5 Preventative Maintenance Tips to Avoid Costly Toilet Repairs in Northbrook,published,https://jblantonplumbing.com/knowledge-hub/45482-top-5-preventative-maintenance-tips-to-avoid-costly-toilet-repairs-in-northbrook,Uncategorized,Plumbing Tips,,Northbrook,Low,"Title/slug mentions 'toilet' ×2. Locations: Northbrook (title, High); Chicagoland (body only, Low)",approve,Removed weak location(s): Chicagoland (body-only or ambiguous) — Marketing decision 2026-09-24
326,45482-emergency-solutions-for-water-heater-failures-during-the-summer-in-the-naperville,Emergency Solutions for Water Heater Failures During the Summer in the Naperville,published,https://jblantonplumbing.com/knowledge-hub/45482-emergency-solutions-for-water-heater-failures-during-the-summer-in-the-naperville,emergency plumbing,Emergency,,Naperville,High,"Old WP category 'emergency plumbing'. Location: Naperville (title, High)",approve,
325,45482-fixing-water-heater-temperature-issues-too-hot-or-not-hot-enough-in-mchenry,Fixing Water Heater Temperature Issues: Too Hot or Not Hot Enough in McHenry,published,https://jblantonplumbing.com/knowledge-hub/45482-fixing-water-heater-temperature-issues-too-hot-or-not-hot-enough-in-mchenry,water heater repair,Water Heaters,,McHenry,High,"Old WP category 'water heater repair'. Location: McHenry (title, High)",approve,
324,45481-7-signs-your-garbage-disposal-needs-repair-or-replacement-in-chicagos-north-and-northwest-side,7 Signs Your Garbage Disposal Needs Repair or Replacement in Chicago’s North and Northwest Side,published,https://jblantonplumbing.com/knowledge-hub/45481-7-signs-your-garbage-disposal-needs-repair-or-replacement-in-chicagos-north-and-northwest-side,Uncategorized,Plumbing Tips,,Chicagoland,Low,"Title/slug mentions 'garbage disposal' ×2. Locations: Chicagoland (title ('Chicago' → region), High); Lincoln Park (body only, ambiguous name, Low)",approve,Removed weak location(s): Lincoln Park (body-only or ambiguous) — Marketing decision 2026-09-24
323,45481-how-to-prepare-your-home-for-24-hour-plumbing-service-visits-in-evanston,How to Prepare Your Home for 24-Hour Plumbing Service Visits in Evanston,published,https://jblantonplumbing.com/knowledge-hub/45481-how-to-prepare-your-home-for-24-hour-plumbing-service-visits-in-evanston,emergency plumbing,Emergency,,Evanston,Low,"Old WP category 'emergency plumbing'. Locations: Evanston (title, High); Chicagoland (body only, Low)",approve,Removed weak location(s): Chicagoland (body-only or ambiguous) — Marketing decision 2026-09-24
322,45481-how-to-troubleshoot-a-noisy-water-heater-in-hinsdale-a-step-by-step-guide,How to Troubleshoot a Noisy Water Heater in Hinsdale: A Step-by-Step Guide,published,https://jblantonplumbing.com/knowledge-hub/45481-how-to-troubleshoot-a-noisy-water-heater-in-hinsdale-a-step-by-step-guide,water heater repair,Water Heaters,,Hinsdale,High,"Old WP category 'water heater repair'. Location: Hinsdale (title, High)",approve,
321,45478-case-study-how-an-emergency-plumber-from-j-blanton-plumbing-saved-the-day-for-an-elgin-family,Case Study: How an Emergency Plumber from J Blanton Plumbing Saved the Day for an Elgin Family,published,https://jblantonplumbing.com/knowledge-hub/45478-case-study-how-an-emergency-plumber-from-j-blanton-plumbing-saved-the-day-for-an-elgin-family,emergency plumbing,Emergency,,Elgin,High,"Old WP category 'emergency plumbing'. Location: Elgin (title, High)",approve,
320,45478-avoid-costly-water-heater-repairs-7-preventive-maintenance-tips-for-algonquin-homeowners,Avoid Costly Water Heater Repairs: 7 Preventive Maintenance Tips for Algonquin Homeowners,published,https://jblantonplumbing.com/knowledge-hub/45478-avoid-costly-water-heater-repairs-7-preventive-maintenance-tips-for-algonquin-homeowners,water heater repair,Water Heaters,,Algonquin,High,"Old WP category 'water heater repair'. Location: Algonquin (title, High)",approve,
319,45478-the-importance-of-regular-sewer-maintenance-for-preventing-plumbing-issues-in-arlington-heights,The Importance of Regular Sewer Maintenance for Preventing Plumbing Issues in Arlington Heights,published,https://jblantonplumbing.com/knowledge-hub/45478-the-importance-of-regular-sewer-maintenance-for-preventing-plumbing-issues-in-arlington-heights,sewer maintenance,Sewers,,Arlington Heights,Low,"Old WP category 'sewer maintenance'. Locations: Arlington Heights (title, High); Chicagoland (body only, Low)",approve,Removed weak location(s): Chicagoland (body-only or ambiguous) — Marketing decision 2026-09-24
318,45477-7-signs-your-drains-need-professional-cleaning-in-northbrook,7 Signs Your Drains Need Professional Cleaning in Northbrook,published,https://jblantonplumbing.com/knowledge-hub/45477-7-signs-your-drains-need-professional-cleaning-in-northbrook,Uncategorized,Drains,,Northbrook,Low,"Title/slug mentions 'drains' ×2. Locations: Northbrook (title, High); Chicagoland (body only, Low)",approve,Removed weak location(s): Chicagoland (body-only or ambiguous) — Marketing decision 2026-09-24
317,45477-diy-vs-professional-repairs-when-to-call-an-expert-to-fix-your-water-heater-in-naperville,DIY vs. Professional Repairs: When to Call an Expert to Fix Your Water Heater in Naperville,published,https://jblantonplumbing.com/knowledge-hub/45477-diy-vs-professional-repairs-when-to-call-an-expert-to-fix-your-water-heater-in-naperville,water heater repair,Water Heaters,,Naperville,High,"Old WP category 'water heater repair'. Location: Naperville (title, High)",approve,
316,45477-step-by-step-guide-to-fix-a-broken-sewer-line-for-mchenry-homeowners,Step-by-Step Guide to Fix a Broken Sewer Line for McHenry Homeowners,published,https://jblantonplumbing.com/knowledge-hub/45477-step-by-step-guide-to-fix-a-broken-sewer-line-for-mchenry-homeowners,sewer repair,Sewers,,McHenry,High,"Old WP category 'sewer repair'. Location: McHenry (title, High)",approve,
315,45476-top-5-signs-your-home-has-a-broken-sewer-line-in-north-and-northwest-side-of-chicago,Top 5 Signs Your Home Has a Broken Sewer Line in North and Northwest Side of Chicago.,published,https://jblantonplumbing.com/knowledge-hub/45476-top-5-signs-your-home-has-a-broken-sewer-line-in-north-and-northwest-side-of-chicago,sewer repair,Sewers,,Chicagoland,Low,"Old WP category 'sewer repair'. Locations: Chicagoland (title ('Chicago' → region), High); Lincoln Park (body only, ambiguous name, Low)",approve,Removed weak location(s): Lincoln Park (body-only or ambiguous) — Marketing decision 2026-09-24
314,45476-choosing-the-right-toilet-for-replacement-what-evanston-homeowners-need-to-consider,Choosing the Right Toilet for Replacement: What Evanston Homeowners Need to Consider,published,https://jblantonplumbing.com/knowledge-hub/45476-choosing-the-right-toilet-for-replacement-what-evanston-homeowners-need-to-consider,Uncategorized,Plumbing Tips,,Evanston,Medium,"Title/slug mentions 'toilet' ×2. Location: Evanston (title, High)",approve,
313,45476-how-to-identify-and-fix-a-running-toilet-and-when-hinsdale-homeowners-should-consider-toilet-replacement,How to Identify and Fix a Running Toilet and When Hinsdale Homeowners Should Consider Toilet Replacement,published,https://jblantonplumbing.com/knowledge-hub/45476-how-to-identify-and-fix-a-running-toilet-and-when-hinsdale-homeowners-should-consider-toilet-replacement,Uncategorized,Plumbing Tips,,Hinsdale,Medium,"Title/slug mentions 'toilet' ×4. Location: Hinsdale (title, High)",approve,
312,45475-diy-drain-cleaning-tips-and-tricks-for-homeowners-in-elgin,DIY Drain Cleaning: Tips and Tricks for Homeowners in Elgin,published,https://jblantonplumbing.com/knowledge-hub/45475-diy-drain-cleaning-tips-and-tricks-for-homeowners-in-elgin,Uncategorized,Drains,Plumbing Tips,Elgin,Medium,"Title/slug mentions 'drain' ×2. Location: Elgin (title, High)",approve,
311,45475-7-essential-maintenance-tips-after-repairing-a-broken-sewer-line-in-algonquin,7 Essential Maintenance Tips After Repairing a Broken Sewer Line in Algonquin,published,https://jblantonplumbing.com/knowledge-hub/45475-7-essential-maintenance-tips-after-repairing-a-broken-sewer-line-in-algonquin,sewer repair,Sewers,,Algonquin,High,"Old WP category 'sewer repair'. Location: Algonquin (title, High)",approve,
310,45475-diy-tips-and-tricks-for-clearing-a-sewer-drain-clog-for-arlington-heights-homeowners,DIY Tips and Tricks for Clearing a Sewer Drain Clog for Arlington Heights Homeowners,published,https://jblantonplumbing.com/knowledge-hub/45475-diy-tips-and-tricks-for-clearing-a-sewer-drain-clog-for-arlington-heights-homeowners,Uncategorized,Drains,Sewers; Plumbing Tips,Arlington Heights,Low,"Title/slug mentions 'drain' ×2. Locations: Arlington Heights (title, High); Chicagoland (body only, Low)",approve,Removed weak location(s): Chicagoland (body-only or ambiguous) — Marketing decision 2026-09-24
309,45474-northbrook-homeowners-your-step-by-step-guide-to-fixing-a-leaking-water-heater,Northbrook Homeowners: Your Step-by-Step Guide to Fixing a Leaking Water Heater,published,https://jblantonplumbing.com/knowledge-hub/45474-northbrook-homeowners-your-step-by-step-guide-to-fixing-a-leaking-water-heater,water heater repair,Water Heaters,,Northbrook,Low,"Old WP category 'water heater repair'. Locations: Northbrook (title, High); Chicagoland (body only, Low)",approve,Removed weak location(s): Chicagoland (body-only or ambiguous) — Marketing decision 2026-09-24
308,45474-common-plumbing-maintenance-mistakes-to-avoid-in-naperville,Common Plumbing Maintenance Mistakes to Avoid in Naperville,published,https://jblantonplumbing.com/knowledge-hub/45474-common-plumbing-maintenance-mistakes-to-avoid-in-naperville,Uncategorized,Plumbing Tips,,Naperville,Medium,"Title/slug mentions 'maintenance' ×2. Location: Naperville (title, High)",approve,
307,45474-7-common-water-heater-problems-and-how-to-fix-them-in-mchenry,7 Common Water Heater Problems and How to Fix Them in McHenry,published,https://jblantonplumbing.com/knowledge-hub/45474-7-common-water-heater-problems-and-how-to-fix-them-in-mchenry,water heater repair,Water Heaters,,McHenry,High,"Old WP category 'water heater repair'. Location: McHenry (title, High)",approve,
306,45471-going-green-the-environmental-impact-of-trenchless-sewer-repair-on-chicagos-north-and-northwest-side,Going Green: The Environmental Impact of Trenchless Sewer Repair on Chicago’s North and Northwest Side,published,https://jblantonplumbing.com/knowledge-hub/45471-going-green-the-environmental-impact-of-trenchless-sewer-repair-on-chicagos-north-and-northwest-side,trenchless sewer repair,Sewers,,Chicagoland,Low,"Old WP category 'trenchless sewer repair'. Locations: Chicagoland (title ('Chicago' → region), High); Lincoln Park (body only, ambiguous name, Low)",approve,Removed weak location(s): Lincoln Park (body-only or ambiguous) — Marketing decision 2026-09-24
305,45471-upgrade-your-kitchen-plumbing-7-essential-tips-for-renovation-projects-in-evanston,Upgrade Your Kitchen Plumbing: 7 Essential Tips for Renovation Projects in Evanston,published,https://jblantonplumbing.com/knowledge-hub/45471-upgrade-your-kitchen-plumbing-7-essential-tips-for-renovation-projects-in-evanston,kitchen plumbing,Plumbing Tips,,Evanston,Low,"Old WP category 'kitchen plumbing'. Locations: Evanston (title, High); Chicagoland (body only, Low)",approve,Removed weak location(s): Chicagoland (body-only or ambiguous) — Marketing decision 2026-09-24
304,45471-case-study-the-critical-importance-of-after-hours-plumbing-services,Case Study: The Critical Importance of After Hours Plumbing Services,published,https://jblantonplumbing.com/knowledge-hub/45471-case-study-the-critical-importance-of-after-hours-plumbing-services,emergency plumbing,Emergency,,,Low,"Old WP category 'emergency plumbing'. Locations: Hinsdale (body only, Low); Chicagoland (body only, Low)",approve,Removed weak location(s): Hinsdale; Chicagoland (body-only or ambiguous) — Marketing decision 2026-09-24
303,45470-7-common-issues-detected-by-drain-camera-inspection-in-elgin,7 Common Issues Detected by Drain Camera Inspection in Elgin,published,https://jblantonplumbing.com/knowledge-hub/45470-7-common-issues-detected-by-drain-camera-inspection-in-elgin,sewer camera inspection,Sewers,,Elgin,High,"Old WP category 'sewer camera inspection'. Location: Elgin (title, High)",approve,
302,45470-how-to-choose-the-best-trenchless-sewer-repair-contractor-in-algonquin,How to Choose the Best Trenchless Sewer Repair Contractor in Algonquin,published,https://jblantonplumbing.com/knowledge-hub/45470-how-to-choose-the-best-trenchless-sewer-repair-contractor-in-algonquin,trenchless sewer repair,Sewers,,Algonquin,High,"Old WP category 'trenchless sewer repair'. Location: Algonquin (title, High)",approve,
301,45470-top-5-causes-of-sewer-line-damage-and-how-to-fix-them-in-arlington-heights,Top 5 Causes of Sewer Line Damage and How to Fix Them in Arlington Heights,published,https://jblantonplumbing.com/knowledge-hub/45470-top-5-causes-of-sewer-line-damage-and-how-to-fix-them-in-arlington-heights,sewer repair,Sewers,,Arlington Heights,Low,"Old WP category 'sewer repair'. Locations: Arlington Heights (title, High); Chicagoland (body only, Low)",approve,Removed weak location(s): Chicagoland (body-only or ambiguous) — Marketing decision 2026-09-24
300,45469-case-study-northbrooks-trenchless-triumph-saving-the-thompson-familys-home-from-root-intrusions,Case Study: Northbrook’s Trenchless Triumph – Saving the Thompson Family's Home from Root Intrusions,published,https://jblantonplumbing.com/knowledge-hub/45469-case-study-northbrooks-trenchless-triumph-saving-the-thompson-familys-home-from-root-intrusions,trenchless sewer repair,Sewers,,Northbrook,Low,"Old WP category 'trenchless sewer repair'. Locations: Northbrook (title, High); Chicagoland (body only, Low)",approve,Removed weak location(s): Chicagoland (body-only or ambiguous) — Marketing decision 2026-09-24
299,45469-top-5-qualities-to-look-for-in-reliable-plumbing-contractors-in-naperville,Top 5 Qualities to Look for in Reliable Plumbing Contractors in Naperville,published,https://jblantonplumbing.com/knowledge-hub/45469-top-5-qualities-to-look-for-in-reliable-plumbing-contractors-in-naperville,Uncategorized,,,Naperville; Chicagoland,Low,"No signal. Locations: Naperville (title, High); Chicagoland (body only, Low)",,
298,45469-discover-the-long-term-benefits-of-trenchless-sewer-repair-in-mchenry,Discover the Long-Term Benefits of Trenchless Sewer Repair in McHenry,published,https://jblantonplumbing.com/knowledge-hub/45469-discover-the-long-term-benefits-of-trenchless-sewer-repair-in-mchenry,trenchless sewer repair,Sewers,,McHenry,High,"Old WP category 'trenchless sewer repair'. Location: McHenry (title, High)",approve,
297,45468-stop-basement-floods-how-overhead-sewer-systems-protect-homes-in-chicagos-north-and-northwest-side,Stop Basement Floods: How Overhead Sewer Systems Protect Homes in Chicago's North and Northwest Side,published,https://jblantonplumbing.com/knowledge-hub/45468-stop-basement-floods-how-overhead-sewer-systems-protect-homes-in-chicagos-north-and-northwest-side,overhead sewer systems,Sewers,,Chicagoland,Low,"Old WP category 'overhead sewer systems'. Locations: Chicagoland (title ('Chicago' → region), High); Lincoln Park (body only, ambiguous name, Low)",approve,Removed weak location(s): Lincoln Park (body-only or ambiguous) — Marketing decision 2026-09-24
296,45468-the-hidden-benefits-of-trenchless-sewer-repair-for-evanston-homeowners,The Hidden Benefits of Trenchless Sewer Repair for Evanston Homeowners,published,https://jblantonplumbing.com/knowledge-hub/45468-the-hidden-benefits-of-trenchless-sewer-repair-for-evanston-homeowners,trenchless sewer repair,Sewers,,Evanston,Low,"Old WP category 'trenchless sewer repair'. Locations: Evanston (title, High); Chicagoland (body only, Low)",approve,Removed weak location(s): Chicagoland (body-only or ambiguous) — Marketing decision 2026-09-24
295,45468-get-ready-for-a-smooth-fix-how-to-prepare-your-hinsdale-property-for-trenchless-sewer-repair,Get Ready for a Smooth Fix: How to Prepare Your Hinsdale Property for Trenchless Sewer Repair,published,https://jblantonplumbing.com/knowledge-hub/45468-get-ready-for-a-smooth-fix-how-to-prepare-your-hinsdale-property-for-trenchless-sewer-repair,trenchless sewer repair,Sewers,,Hinsdale,Low,"Old WP category 'trenchless sewer repair'. Locations: Hinsdale (title, High); Chicagoland (body only, Low)",approve,Removed weak location(s): Chicagoland (body-only or ambiguous) — Marketing decision 2026-09-24
294,45467-revolutionizing-sewer-repairs-new-advances-in-trenchless-technology-for-elgin-homes,Revolutionizing Sewer Repairs: New Advances in Trenchless Technology for Elgin Homes,published,https://jblantonplumbing.com/knowledge-hub/45467-revolutionizing-sewer-repairs-new-advances-in-trenchless-technology-for-elgin-homes,trenchless sewer repair,Sewers,,Elgin,High,"Old WP category 'trenchless sewer repair'. Location: Elgin (title, High)",approve,
293,45467-7-must-have-new-technologies-in-kitchen-plumbing-for-modern-homes-in-algonquin,7 Must-Have New Technologies in Kitchen Plumbing for Modern Homes in Algonquin,published,https://jblantonplumbing.com/knowledge-hub/45467-7-must-have-new-technologies-in-kitchen-plumbing-for-modern-homes-in-algonquin,kitchen plumbing,Plumbing Tips,,Algonquin,High,"Old WP category 'kitchen plumbing'. Location: Algonquin (title, High)",approve,
292,45467-5-signs-your-sewer-line-needs-trenchless-repair-in-arlington-heights,5 Signs Your Sewer Line Needs Trenchless Repair in Arlington Heights,published,https://jblantonplumbing.com/knowledge-hub/45467-5-signs-your-sewer-line-needs-trenchless-repair-in-arlington-heights,trenchless sewer repair,Sewers,,Arlington Heights,Low,"Old WP category 'trenchless sewer repair'. Locations: Arlington Heights (title, High); Chicagoland (body only, Low)",approve,Removed weak location(s): Chicagoland (body-only or ambiguous) — Marketing decision 2026-09-24
291,45464-naperville-homeowners-how-to-master-trenchless-sewer-repair-and-save-your-yard,Naperville Homeowners: How to Master Trenchless Sewer Repair and Save Your Yard,published,https://jblantonplumbing.com/knowledge-hub/45464-naperville-homeowners-how-to-master-trenchless-sewer-repair-and-save-your-yard,trenchless sewer repair,Sewers,,Naperville,High,"Old WP category 'trenchless sewer repair'. Location: Naperville (title, High)",approve,
290,45464-how-to-interpret-sewer-camera-inspection-results-for-mchenry-homeowners,How to Interpret Sewer Camera Inspection Results for McHenry Homeowners,published,https://jblantonplumbing.com/knowledge-hub/45464-how-to-interpret-sewer-camera-inspection-results-for-mchenry-homeowners,sewer camera inspection,Sewers,,McHenry,High,"Old WP category 'sewer camera inspection'. Location: McHenry (title, High)",approve,
289,45463-case-study-how-a-24-hour-plumber-saved-the-day-on-chicagos-north-and-northwest-side,Case Study: How a 24-Hour Plumber Saved the Day on Chicago’s North and Northwest Side,published,https://jblantonplumbing.com/knowledge-hub/45463-case-study-how-a-24-hour-plumber-saved-the-day-on-chicagos-north-and-northwest-side,emergency plumbing,Emergency,,Chicagoland,Low,"Old WP category 'emergency plumbing'. Locations: Chicagoland (title ('Chicago' → region), High); Lincoln Park (body only, ambiguous name, Low)",approve,Removed weak location(s): Lincoln Park (body-only or ambiguous) — Marketing decision 2026-09-24
288,45463-the-ultimate-guide-to-safe-gas-line-installation-in-evanston-what-you-need-to-know,The Ultimate Guide to Safe Gas Line Installation in Evanston: What You Need to Know,published,https://jblantonplumbing.com/knowledge-hub/45463-the-ultimate-guide-to-safe-gas-line-installation-in-evanston-what-you-need-to-know,gas line installation,Gas Lines,,Evanston,Low,"Old WP category 'gas line installation'. Locations: Evanston (title, High); Chicagoland (body only, Low)",approve,Removed weak location(s): Chicagoland (body-only or ambiguous) — Marketing decision 2026-09-24
287,45463-7-signs-you-need-a-bathroom-drain-replacement-in-hinsdale,7 Signs You Need a Bathroom Drain Replacement in Hinsdale,published,https://jblantonplumbing.com/knowledge-hub/45463-7-signs-you-need-a-bathroom-drain-replacement-in-hinsdale,bathroom plumbing,Plumbing Tips,,Hinsdale,Low,"Old WP category 'bathroom plumbing'. Locations: Hinsdale (title, High); Chicagoland (body only, Low)",approve,Removed weak location(s): Chicagoland (body-only or ambiguous) — Marketing decision 2026-09-24
286,45462-why-every-elgin-business-needs-a-24-hour-plumber-the-hidden-benefits-revealed,Why Every Elgin Business Needs a 24-Hour Plumber: The Hidden Benefits Revealed,published,https://jblantonplumbing.com/knowledge-hub/45462-why-every-elgin-business-needs-a-24-hour-plumber-the-hidden-benefits-revealed,emergency plumbing,Emergency,,Elgin,High,"Old WP category 'emergency plumbing'. Location: Elgin (title, High)",approve,
285,45462-diy-plumbing-repairs-for-beginners-essential-tips-for-algonquin-homeowners,DIY Plumbing Repairs for Beginners: Essential Tips for Algonquin Homeowners,published,https://jblantonplumbing.com/knowledge-hub/45462-diy-plumbing-repairs-for-beginners-essential-tips-for-algonquin-homeowners,Uncategorized,Plumbing Tips,,Algonquin,Medium,"Title/slug mentions 'diy' ×2. Location: Algonquin (title, High)",approve,
284,45462-emergency-fixes-temporary-solutions-for-sewer-repair-in-arlington-heights-until-a-professional-arrives,Emergency Fixes: Temporary Solutions for Sewer Repair in Arlington Heights Until a Professional Arrives,published,https://jblantonplumbing.com/knowledge-hub/45462-emergency-fixes-temporary-solutions-for-sewer-repair-in-arlington-heights-until-a-professional-arrives,sewer repair,Sewers,,Arlington Heights,Low,"Old WP category 'sewer repair'. Locations: Arlington Heights (title, High); Chicagoland (body only, Low)",approve,Removed weak location(s): Chicagoland (body-only or ambiguous) — Marketing decision 2026-09-24
283,45461-the-impact-of-soil-composition-on-basement-flooding-in-northbrook,The Impact of Soil Composition on Basement Flooding in Northbrook,published,https://jblantonplumbing.com/knowledge-hub/45461-the-impact-of-soil-composition-on-basement-flooding-in-northbrook,basement flooding,Drains,,Northbrook,Low,"Old WP category 'basement flooding'. Locations: Northbrook (title, High); Chicagoland (body only, Low)",approve,Removed weak location(s): Chicagoland (body-only or ambiguous) — Marketing decision 2026-09-24
282,45461-ignoring-a-broken-sewer-line-a-naperville-case-study-and-the-lessons-learned,Ignoring a Broken Sewer Line: A Naperville Case Study and the Lessons Learned,published,https://jblantonplumbing.com/knowledge-hub/45461-ignoring-a-broken-sewer-line-a-naperville-case-study-and-the-lessons-learned,sewer repair,Sewers,,Naperville,High,"Old WP category 'sewer repair'. Location: Naperville (title, High)",approve,
281,45461-top-7-tips-for-choosing-the-right-shower-repair-contractor-in-mchenry,Top 7 Tips for Choosing the Right Shower Repair Contractor in McHenry,published,https://jblantonplumbing.com/knowledge-hub/45461-top-7-tips-for-choosing-the-right-shower-repair-contractor-in-mchenry,shower repair,Plumbing Tips,,McHenry,High,"Old WP category 'shower repair'. Location: McHenry (title, High)",approve,
280,45460-7-signs-you-have-a-broken-sewer-line-what-north-and-northwest-side-chicago-residents-need-to-know,7 Signs You Have a Broken Sewer Line: What North and Northwest Side Chicago Residents Need to Know,published,https://jblantonplumbing.com/knowledge-hub/45460-7-signs-you-have-a-broken-sewer-line-what-north-and-northwest-side-chicago-residents-need-to-know,sewer repair,Sewers,,Chicagoland,Low,"Old WP category 'sewer repair'. Locations: Chicagoland (title ('Chicago' → region), High); Lincoln Park (body only, ambiguous name, Low)",approve,Removed weak location(s): Lincoln Park (body-only or ambiguous) — Marketing decision 2026-09-24
279,45460-how-to-handle-a-plumbing-emergency-in-evanston-while-waiting-for-a-24-hour-plumber,How to Handle a Plumbing Emergency in Evanston While Waiting for a 24-Hour Plumber,published,https://jblantonplumbing.com/knowledge-hub/45460-how-to-handle-a-plumbing-emergency-in-evanston-while-waiting-for-a-24-hour-plumber,emergency plumbing,Emergency,,Evanston,Low,"Old WP category 'emergency plumbing'. Locations: Evanston (title, High); Chicagoland (body only, Low)",approve,Removed weak location(s): Chicagoland (body-only or ambiguous) — Marketing decision 2026-09-24
278,45460-urgent-steps-to-take-when-your-basement-starts-flooding-in-hinsdale,Urgent Steps to Take When Your Basement Starts Flooding in Hinsdale,published,https://jblantonplumbing.com/knowledge-hub/45460-urgent-steps-to-take-when-your-basement-starts-flooding-in-hinsdale,basement flooding,Drains,,Hinsdale,Low,"Old WP category 'basement flooding'. Locations: Hinsdale (title, High); Chicagoland (body only, Low)",approve,Removed weak location(s): Chicagoland (body-only or ambiguous) — Marketing decision 2026-09-24
277,45457-5-tips-to-prevent-plumbing-emergencies-from-your-24-hour-plumbing-service-in-elgin,5 Tips to Prevent Plumbing Emergencies from Your 24-Hour Plumbing Service in Elgin,published,https://jblantonplumbing.com/knowledge-hub/45457-5-tips-to-prevent-plumbing-emergencies-from-your-24-hour-plumbing-service-in-elgin,emergency plumbing,Emergency,,Elgin,High,"Old WP category 'emergency plumbing'. Location: Elgin (title, High)",approve,
276,45457-find-the-perfect-plumber-company-how-to-choose-the-right-plumbing-service-provider-in-algonquin,Find the Perfect Plumber Company: How to Choose the Right Plumbing Service Provider in Algonquin,published,https://jblantonplumbing.com/knowledge-hub/45457-find-the-perfect-plumber-company-how-to-choose-the-right-plumbing-service-provider-in-algonquin,Uncategorized,Emergency,,Algonquin,Low,"Body mentions 'emergency' ×1 (first 500 words; 2 topic words in all). Location: Algonquin (title, High)",approve,
275,45457-discover-how-automated-plumbing-maintenance-can-save-time-and-money-in-arlington-heights,Discover How Automated Plumbing Maintenance Can Save Time and Money in Arlington Heights,published,https://jblantonplumbing.com/knowledge-hub/45457-discover-how-automated-plumbing-maintenance-can-save-time-and-money-in-arlington-heights,Uncategorized,Plumbing Tips,,Arlington Heights,Low,"Title/slug mentions 'maintenance' ×2. Locations: Arlington Heights (title, High); Chicagoland (body only, Low)",approve,Removed weak location(s): Chicagoland (body-only or ambiguous) — Marketing decision 2026-09-24
274,45456-case-study-how-24-hour-plumbing-service-saved-the-day-in-northbrook,Case Study: How 24-Hour Plumbing Service Saved the Day in Northbrook,published,https://jblantonplumbing.com/knowledge-hub/45456-case-study-how-24-hour-plumbing-service-saved-the-day-in-northbrook,emergency plumbing,Emergency,,Northbrook,Low,"Old WP category 'emergency plumbing'. Locations: Northbrook (title, High); Chicagoland (body only, Low)",approve,Removed weak location(s): Chicagoland (body-only or ambiguous) — Marketing decision 2026-09-24
273,45456-discover-the-hidden-benefits-of-trenchless-sewer-repair-in-naperville-minimal-disruption-and-big-savings,Discover the Hidden Benefits of Trenchless Sewer Repair in Naperville: Minimal Disruption and Big Savings,published,https://jblantonplumbing.com/knowledge-hub/45456-discover-the-hidden-benefits-of-trenchless-sewer-repair-in-naperville-minimal-disruption-and-big-savings,trenchless sewer repair,Sewers,,Naperville,High,"Old WP category 'trenchless sewer repair'. Location: Naperville (title, High)",approve,
272,45456-5-signs-your-sewer-line-needs-repair-or-replacement-in-mchenry,5 Signs Your Sewer Line Needs Repair or Replacement in McHenry,published,https://jblantonplumbing.com/knowledge-hub/45456-5-signs-your-sewer-line-needs-repair-or-replacement-in-mchenry,sewer repair,Sewers,,McHenry,High,"Old WP category 'sewer repair'. Location: McHenry (title, High)",approve,
271,45455-master-routine-plumbing-maintenance-a-step-by-step-guide-for-north-and-northwest-side-of-chicago,Master Routine Plumbing Maintenance: A Step-by-Step Guide for North and Northwest Side of Chicago,published,https://jblantonplumbing.com/knowledge-hub/45455-master-routine-plumbing-maintenance-a-step-by-step-guide-for-north-and-northwest-side-of-chicago,Uncategorized,Plumbing Tips,,Chicagoland,Low,"Title/slug mentions 'maintenance' ×2. Locations: Chicagoland (title ('Chicago' → region), High); Lincoln Park (body only, ambiguous name, Low)",approve,Removed weak location(s): Lincoln Park (body-only or ambiguous) — Marketing decision 2026-09-24
270,45455-the-ultimate-guide-on-how-to-master-video-camera-drain-inspections-in-evanston,The Ultimate Guide on How to Master Video Camera Drain Inspections in Evanston,published,https://jblantonplumbing.com/knowledge-hub/45455-the-ultimate-guide-on-how-to-master-video-camera-drain-inspections-in-evanston,Uncategorized,Drains,,Evanston,Low,"Title/slug mentions 'drain' ×2. Locations: Evanston (title, High); Chicagoland (body only, Low)",approve,Removed weak location(s): Chicagoland (body-only or ambiguous) — Marketing decision 2026-09-24
269,45455-the-benefits-of-professional-water-heater-replacement-in-hinsdale,The Benefits of Professional Water Heater Replacement in Hinsdale,published,https://jblantonplumbing.com/knowledge-hub/45455-the-benefits-of-professional-water-heater-replacement-in-hinsdale,water heater repair,Water Heaters,,Hinsdale,Low,"Old WP category 'water heater repair'. Locations: Hinsdale (title, High); Chicagoland (body only, Low)",approve,Removed weak location(s): Chicagoland (body-only or ambiguous) — Marketing decision 2026-09-24
268,45454-top-5-plumbing-emergencies-that-require-after-hours-service-in-elgin,Top 5 Plumbing Emergencies That Require After Hours Service in Elgin,published,https://jblantonplumbing.com/knowledge-hub/45454-top-5-plumbing-emergencies-that-require-after-hours-service-in-elgin,emergency plumbing,Emergency,,Elgin,High,"Old WP category 'emergency plumbing'. Location: Elgin (title, High)",approve,
267,45454-creating-a-plumbing-maintenance-schedule-tips-and-checklist-for-homeowners-in-algonquin,Creating a Plumbing Maintenance Schedule: Tips and Checklist for Homeowners in Algonquin,published,https://jblantonplumbing.com/knowledge-hub/45454-creating-a-plumbing-maintenance-schedule-tips-and-checklist-for-homeowners-in-algonquin,Uncategorized,Plumbing Tips,,Algonquin,Medium,"Title/slug mentions 'maintenance' ×2. Location: Algonquin (title, High)",approve,
266,45454-5-signs-your-shower-needs-professional-repair-or-replacement-in-arlington-heights,5 Signs Your Shower Needs Professional Repair or Replacement in Arlington Heights,published,https://jblantonplumbing.com/knowledge-hub/45454-5-signs-your-shower-needs-professional-repair-or-replacement-in-arlington-heights,shower repair,Plumbing Tips,,Arlington Heights,Low,"Old WP category 'shower repair'. Locations: Arlington Heights (title, High); Chicagoland (body only, Low)",approve,Removed weak location(s): Chicagoland (body-only or ambiguous) — Marketing decision 2026-09-24
265,45453-5-benefits-of-video-camera-inspections-for-sewer-and-drain-systems-in-northbrook,5 Benefits of Video Camera Inspections for Sewer and Drain Systems in Northbrook,published,https://jblantonplumbing.com/knowledge-hub/45453-5-benefits-of-video-camera-inspections-for-sewer-and-drain-systems-in-northbrook,Uncategorized,Sewers,Drains,Northbrook,Low,"Title/slug mentions 'sewer' ×2. Locations: Northbrook (title, High); Chicagoland (body only, Low)",approve,Removed weak location(s): Chicagoland (body-only or ambiguous) — Marketing decision 2026-09-24
264,45453-avoid-these-common-sewer-maintenance-mistakes-in-naperville,Avoid These Common Sewer Maintenance Mistakes in Naperville,published,https://jblantonplumbing.com/knowledge-hub/45453-avoid-these-common-sewer-maintenance-mistakes-in-naperville,sewer maintenance,Sewers,,Naperville,High,"Old WP category 'sewer maintenance'. Location: Naperville (title, High)",approve,
263,45453-top-5-benefits-of-24-7-after-hours-plumbing-services-in-mchenry,Top 5 Benefits of 24/7 After Hours Plumbing Services in McHenry,published,https://jblantonplumbing.com/knowledge-hub/45453-top-5-benefits-of-24-7-after-hours-plumbing-services-in-mchenry,emergency plumbing,Emergency,,McHenry,High,"Old WP category 'emergency plumbing'. Location: McHenry (title, High)",approve,
262,45450-case-study-the-role-of-professional-plumbing-inspections-in-preventing-major-toilet-repairs-on-chicagos-north-and-northwest-side,Case Study: The Role of Professional Plumbing Inspections in Preventing Major Toilet Repairs on Chicago’s North and Northwest Side,published,https://jblantonplumbing.com/knowledge-hub/45450-case-study-the-role-of-professional-plumbing-inspections-in-preventing-major-toilet-repairs-on-chicagos-north-and-northwest-side,Uncategorized,Plumbing Tips,,Chicagoland,Low,"Title/slug mentions 'toilet' ×2. Locations: Chicagoland (title ('Chicago' → region), High); Lincoln Park (body only, ambiguous name, Low)",approve,Removed weak location(s): Lincoln Park (body-only or ambiguous) — Marketing decision 2026-09-24
261,45450-emergency-guide-on-how-to-handle-a-burst-pipe-after-hours-in-the-evanston-summer-heat,Emergency Guide on How to Handle a Burst Pipe After Hours in the Evanston Summer Heat,published,https://jblantonplumbing.com/knowledge-hub/45450-emergency-guide-on-how-to-handle-a-burst-pipe-after-hours-in-the-evanston-summer-heat,emergency plumbing,Emergency,,Evanston,Low,"Old WP category 'emergency plumbing'. Locations: Evanston (title, High); Chicagoland (body only, Low)",approve,Removed weak location(s): Chicagoland (body-only or ambiguous) — Marketing decision 2026-09-24
260,45450-natural-bathroom-plumbing-unclogging-stubborn-drains-in-hinsdale-without-chemicals,Natural Bathroom Plumbing: Unclogging Stubborn Drains in Hinsdale Without Chemicals,published,https://jblantonplumbing.com/knowledge-hub/45450-natural-bathroom-plumbing-unclogging-stubborn-drains-in-hinsdale-without-chemicals,bathroom plumbing,Plumbing Tips,,Hinsdale,High,"Old WP category 'bathroom plumbing'. Location: Hinsdale (title, High)",approve,
259,45449-5-crucial-signs-your-toilet-needs-repair-or-replacement-in-elgin,5 Crucial Signs Your Toilet Needs Repair or Replacement in Elgin,published,https://jblantonplumbing.com/knowledge-hub/45449-5-crucial-signs-your-toilet-needs-repair-or-replacement-in-elgin,Uncategorized,Plumbing Tips,,Elgin,Medium,"Title/slug mentions 'toilet' ×2. Location: Elgin (title, High)",approve,
258,45449-how-to-find-a-reliable-after-hours-plumber-in-algonquin,How to Find a Reliable After-Hours Plumber in Algonquin,published,https://jblantonplumbing.com/knowledge-hub/45449-how-to-find-a-reliable-after-hours-plumber-in-algonquin,emergency plumbing,Emergency,,Algonquin,High,"Old WP category 'emergency plumbing'. Location: Algonquin (title, High)",approve,
257,45449-top-5-after-hour-plumbing-emergencies-in-arlington-heights-during-summer,Top 5 After-Hour Plumbing Emergencies in Arlington Heights During Summer,published,https://jblantonplumbing.com/knowledge-hub/45449-top-5-after-hour-plumbing-emergencies-in-arlington-heights-during-summer,emergency plumbing,Emergency,,Arlington Heights,High,"Old WP category 'emergency plumbing'. Location: Arlington Heights (title, High)",approve,
256,45448-essential-guide-easy-steps-for-routine-sewer-maintenance-in-northbrook,Essential Guide: Easy Steps for Routine Sewer Maintenance in Northbrook,published,https://jblantonplumbing.com/knowledge-hub/45448-essential-guide-easy-steps-for-routine-sewer-maintenance-in-northbrook,sewer maintenance,Sewers,,Northbrook,Low,"Old WP category 'sewer maintenance'. Locations: Northbrook (title, High); Chicagoland (body only, Low)",approve,Removed weak location(s): Chicagoland (body-only or ambiguous) — Marketing decision 2026-09-24
255,45448-the-importance-of-regular-drain-cleaning-for-preventing-plumbing-issues-in-naperville,The Importance of Regular Drain Cleaning for Preventing Plumbing Issues in Naperville,published,https://jblantonplumbing.com/knowledge-hub/45448-the-importance-of-regular-drain-cleaning-for-preventing-plumbing-issues-in-naperville,Uncategorized,Drains,,Naperville,Medium,"Title/slug mentions 'drain' ×2. Location: Naperville (title, High)",approve,
254,45448-hidden-dangers-how-hard-water-is-wrecking-your-kitchen-plumbing-in-mchenry,Hidden Dangers: How Hard Water is Wrecking Your Kitchen Plumbing in McHenry,published,https://jblantonplumbing.com/knowledge-hub/45448-hidden-dangers-how-hard-water-is-wrecking-your-kitchen-plumbing-in-mchenry,kitchen plumbing,Plumbing Tips,,McHenry,High,"Old WP category 'kitchen plumbing'. Location: McHenry (title, High)",approve,
253,45447-choosing-the-right-water-heater-when-replacing-your-old-one-in-the-north-and-northwest-side-of-chicago,Choosing the Right Water Heater When Replacing Your Old One in The North and Northwest Side of Chicago,published,https://jblantonplumbing.com/knowledge-hub/45447-choosing-the-right-water-heater-when-replacing-your-old-one-in-the-north-and-northwest-side-of-chicago,water heater installation,Water Heaters,,Chicagoland,High,"Old WP category 'water heater installation'. Location: Chicagoland (title ('Chicago' → region), High)",approve,
252,45447-top-5-bathroom-plumbing-issues-and-how-to-fix-them-in-evanston,Top 5 Bathroom Plumbing Issues and How to Fix Them in Evanston,published,https://jblantonplumbing.com/knowledge-hub/45447-top-5-bathroom-plumbing-issues-and-how-to-fix-them-in-evanston,bathroom plumbing,Plumbing Tips,,Evanston,Low,"Old WP category 'bathroom plumbing'. Locations: Evanston (title, High); Chicagoland (body only, Low)",approve,Removed weak location(s): Chicagoland (body-only or ambiguous) — Marketing decision 2026-09-24
251,45447-case-study-preventing-common-kitchen-plumbing-problems-in-hinsdale,Case Study: Preventing Common Kitchen Plumbing Problems in Hinsdale,published,https://jblantonplumbing.com/knowledge-hub/45447-case-study-preventing-common-kitchen-plumbing-problems-in-hinsdale,kitchen plumbing,Plumbing Tips,,Hinsdale,Low,"Old WP category 'kitchen plumbing'. Locations: Hinsdale (title, High); Chicagoland (body only, Low)",approve,Removed weak location(s): Chicagoland (body-only or ambiguous) — Marketing decision 2026-09-24
250,45446-critical-signs-your-elgin-home-needs-professional-plumbing-repair,Critical Signs Your Elgin Home Needs Professional Plumbing Repair,published,https://jblantonplumbing.com/knowledge-hub/45446-critical-signs-your-elgin-home-needs-professional-plumbing-repair,Uncategorized,Plumbing Tips,,Elgin,Low,"Body mentions 'water pressure' ×4 (first 500 words; 19 topic words in all). Location: Elgin (title, High)",approve,
249,45446-diy-toilet-repair-fixing-common-issues-without-a-plumber-in-algonquin,DIY Toilet Repair: Fixing Common Issues Without a Plumber in Algonquin,published,https://jblantonplumbing.com/knowledge-hub/45446-diy-toilet-repair-fixing-common-issues-without-a-plumber-in-algonquin,Uncategorized,Plumbing Tips,,Algonquin,Medium,"Title/slug mentions 'toilet' ×2. Location: Algonquin (title, High)",approve,
248,45446-5-signs-its-time-to-upgrade-your-bathroom-plumbing-fixtures-in-arlington-heights,5 Signs It's Time to Upgrade Your Bathroom Plumbing Fixtures in Arlington Heights,published,https://jblantonplumbing.com/knowledge-hub/45446-5-signs-its-time-to-upgrade-your-bathroom-plumbing-fixtures-in-arlington-heights,bathroom plumbing,Plumbing Tips,,Arlington Heights,Low,"Old WP category 'bathroom plumbing'. Locations: Arlington Heights (title, High); Chicagoland (body only, Low)",approve,Removed weak location(s): Chicagoland (body-only or ambiguous) — Marketing decision 2026-09-24
247,45443-top-5-benefits-of-switching-to-a-tankless-water-heater-in-northbrook,Top 5 Benefits of Switching to a Tankless Water Heater in Northbrook,published,https://jblantonplumbing.com/knowledge-hub/45443-top-5-benefits-of-switching-to-a-tankless-water-heater-in-northbrook,tankless water heater,Water Heaters,,Northbrook,Low,"Old WP category 'tankless water heater'. Locations: Northbrook (title, High); Chicagoland (body only, Low)",approve,Removed weak location(s): Chicagoland (body-only or ambiguous) — Marketing decision 2026-09-24
246,45443-discover-the-signs-when-your-kitchen-faucet-needs-repair-or-replacement-in-naperville,Discover the Signs: When Your Kitchen Faucet Needs Repair or Replacement in Naperville,published,https://jblantonplumbing.com/knowledge-hub/45443-discover-the-signs-when-your-kitchen-faucet-needs-repair-or-replacement-in-naperville,kitchen faucet repair and installation,Plumbing Tips,,Naperville,High,"Old WP category 'kitchen faucet repair and installation'. Location: Naperville (title, High)",approve,
245,45443-5-signs-its-time-to-replace-a-water-heater-in-mchenry,5 Signs It's Time to Replace a Water Heater in McHenry,published,https://jblantonplumbing.com/knowledge-hub/45443-5-signs-its-time-to-replace-a-water-heater-in-mchenry,water heater installation,Water Heaters,,McHenry,High,"Old WP category 'water heater installation'. Location: McHenry (title, High)",approve,
244,45442-how-to-troubleshooting-common-kitchen-faucet-issues-in-north-and-northwest-side-of-chicago,How-To: Troubleshooting Common Kitchen Faucet Issues in North and Northwest Side of Chicago,published,https://jblantonplumbing.com/knowledge-hub/45442-how-to-troubleshooting-common-kitchen-faucet-issues-in-north-and-northwest-side-of-chicago,kitchen faucet repair and installation,Plumbing Tips,,Chicagoland,High,"Old WP category 'kitchen faucet repair and installation'. Location: Chicagoland (title ('Chicago' → region), High)",approve,
243,45442-diy-kitchen-faucet-installation-step-by-step-guide-for-homeowners-in-evanston,DIY Kitchen Faucet Installation: Step-by-Step Guide for Homeowners in Evanston,published,https://jblantonplumbing.com/knowledge-hub/45442-diy-kitchen-faucet-installation-step-by-step-guide-for-homeowners-in-evanston,kitchen faucet repair and installation,Plumbing Tips,,Evanston,Low,"Old WP category 'kitchen faucet repair and installation'. Locations: Evanston (title, High); Chicagoland (body only, Low)",approve,Removed weak location(s): Chicagoland (body-only or ambiguous) — Marketing decision 2026-09-24
242,45442-did-you-know-cost-effective-ways-to-schedule-sewer-camera-inspections-in-hinsdale,Did You Know? Cost-Effective Ways to Schedule Sewer Camera Inspections in Hinsdale,published,https://jblantonplumbing.com/knowledge-hub/45442-did-you-know-cost-effective-ways-to-schedule-sewer-camera-inspections-in-hinsdale,sewer camera inspection,Sewers,,Hinsdale,High,"Old WP category 'sewer camera inspection'. Location: Hinsdale (title, High)",approve,
241,45441-case-study-diy-vs-professional-kitchen-faucet-installation-which-is-right-for-you-in-elgin,Case Study: DIY vs. Professional Kitchen Faucet Installation - Which is Right for You in Elgin?,published,https://jblantonplumbing.com/knowledge-hub/45441-case-study-diy-vs-professional-kitchen-faucet-installation-which-is-right-for-you-in-elgin,kitchen faucet repair and installation,Plumbing Tips,,Elgin,High,"Old WP category 'kitchen faucet repair and installation'. Location: Elgin (title, High)",approve,
240,45441-the-benefits-of-switching-to-a-tankless-water-heater-energy-savings-and-convenience-in-algonquin,The Benefits of Switching to a Tankless Water Heater: Energy Savings and Convenience in Algonquin,published,https://jblantonplumbing.com/knowledge-hub/45441-the-benefits-of-switching-to-a-tankless-water-heater-energy-savings-and-convenience-in-algonquin,tankless water heater,Water Heaters,,Algonquin,Low,"Old WP category 'tankless water heater'. Locations: Algonquin (title, High); McHenry (body only, Low)",approve,Removed weak location(s): McHenry (body-only or ambiguous) — Marketing decision 2026-09-24
239,45441-did-you-know-hydro-jetting-vs-traditional-drain-cleaning-methods-in-arlington-heights,Did You Know? Hydro Jetting vs. Traditional Drain Cleaning Methods in Arlington Heights,published,https://jblantonplumbing.com/knowledge-hub/45441-did-you-know-hydro-jetting-vs-traditional-drain-cleaning-methods-in-arlington-heights,hydro jetting,Drains,Sewers,Arlington Heights,Low,"Old WP category 'hydro jetting'. Locations: Arlington Heights (title, High); Chicagoland (body only, Low)",approve,Removed weak location(s): Chicagoland (body-only or ambiguous) — Marketing decision 2026-09-24
238,45440-top-5-new-trends-in-kitchen-faucet-design-style-and-functionality-upgrades-for-northbrook-homes,Top 5 New Trends in Kitchen Faucet Design: Style and Functionality Upgrades for Northbrook Homes,published,https://jblantonplumbing.com/knowledge-hub/45440-top-5-new-trends-in-kitchen-faucet-design-style-and-functionality-upgrades-for-northbrook-homes,kitchen faucet repair and installation,Plumbing Tips,,Northbrook,Low,"Old WP category 'kitchen faucet repair and installation'. Locations: Northbrook (title, High); Chicagoland (body only, Low)",approve,Removed weak location(s): Chicagoland (body-only or ambiguous) — Marketing decision 2026-09-24
237,45440-innovative-tools-and-technologies-for-rapid-response-to-plumbing-emergencies-in-naperville,Innovative Tools and Technologies for Rapid Response to Plumbing Emergencies in Naperville,published,https://jblantonplumbing.com/knowledge-hub/45440-innovative-tools-and-technologies-for-rapid-response-to-plumbing-emergencies-in-naperville,emergency plumbing,Emergency,,Naperville,Low,"Old WP category 'emergency plumbing'. Locations: Naperville (title, High); Chicagoland (body only, Low)",approve,Removed weak location(s): Chicagoland (body-only or ambiguous) — Marketing decision 2026-09-24
236,45440-simple-solutions-for-how-to-fix-a-leaky-showerhead-or-faucet-in-mchenry,Simple Solutions for How To Fix a Leaky Showerhead or Faucet in McHenry,published,https://jblantonplumbing.com/knowledge-hub/45440-simple-solutions-for-how-to-fix-a-leaky-showerhead-or-faucet-in-mchenry,shower repair,Plumbing Tips,,McHenry,High,"Old WP category 'shower repair'. Location: McHenry (title, High)",approve,
235,45439-top-5-new-technologies-in-sewer-camera-inspection-systems-hd-imaging-and-remote-viewing-for-north-and-northwest-side-of-chicago,Top 5 New Technologies in Sewer Camera Inspection Systems: HD Imaging and Remote Viewing for North and Northwest Side of Chicago,published,https://jblantonplumbing.com/knowledge-hub/45439-top-5-new-technologies-in-sewer-camera-inspection-systems-hd-imaging-and-remote-viewing-for-north-and-northwest-side-of-chicago,sewer camera inspection,Sewers,,Chicagoland,High,"Old WP category 'sewer camera inspection'. Location: Chicagoland (title ('Chicago' → region), High)",approve,
234,45439-did-you-know-the-top-7-causes-of-plumbing-emergencies-in-evanston,Did You Know? The Top 7 Causes of Plumbing Emergencies in Evanston,published,https://jblantonplumbing.com/knowledge-hub/45439-did-you-know-the-top-7-causes-of-plumbing-emergencies-in-evanston,emergency plumbing,Emergency,,Evanston,Low,"Old WP category 'emergency plumbing'. Locations: Evanston (title, High); Chicagoland (body only, Low)",approve,Removed weak location(s): Chicagoland (body-only or ambiguous) — Marketing decision 2026-09-24
233,45439-how-to-conducting-a-diy-sewer-camera-inspection-at-home-in-hinsdale,How-To: Conducting a DIY Sewer Camera Inspection at Home in Hinsdale,published,https://jblantonplumbing.com/knowledge-hub/45439-how-to-conducting-a-diy-sewer-camera-inspection-at-home-in-hinsdale,sewer camera inspection,Sewers,,Hinsdale,Low,"Old WP category 'sewer camera inspection'. Locations: Hinsdale (title, High); Chicagoland (body only, Low)",approve,Removed weak location(s): Chicagoland (body-only or ambiguous) — Marketing decision 2026-09-24
232,45436-diy-toilet-installation-a-step-by-step-guide-for-homeowners-in-elgin,DIY Toilet Installation: A Step-by-Step Guide for Homeowners in Elgin,published,https://jblantonplumbing.com/knowledge-hub/45436-diy-toilet-installation-a-step-by-step-guide-for-homeowners-in-elgin,Uncategorized,Plumbing Tips,,Elgin,Medium,"Title/slug mentions 'toilet' ×2. Location: Elgin (title, High)",approve,
231,45436-the-role-of-sump-pumps-in-basement-waterproofing-and-flood-prevention-a-case-study-from-algonquin,The Role of Sump Pumps in Basement Waterproofing and Flood Prevention: A Case Study from Algonquin,published,https://jblantonplumbing.com/knowledge-hub/45436-the-role-of-sump-pumps-in-basement-waterproofing-and-flood-prevention-a-case-study-from-algonquin,sump pumps,Drains,,Algonquin,Low,"Old WP category 'sump pumps'. Locations: Algonquin (title, High); McHenry (body only, Low)",approve,Removed weak location(s): McHenry (body-only or ambiguous) — Marketing decision 2026-09-24
230,45436-diy-shower-repair-tackling-common-issues-in-arlington-heights,DIY Shower Repair: Tackling Common Issues in Arlington Heights,published,https://jblantonplumbing.com/knowledge-hub/45436-diy-shower-repair-tackling-common-issues-in-arlington-heights,shower repair,Plumbing Tips,,Arlington Heights,High,"Old WP category 'shower repair'. Location: Arlington Heights (title, High)",approve,
229,45435-how-to-clearing-and-preventing-sewage-line-backups-in-northbrook-illinois,"How-To: Clearing and Preventing Sewage Line Backups in Northbrook, Illinois",published,https://jblantonplumbing.com/knowledge-hub/45435-how-to-clearing-and-preventing-sewage-line-backups-in-northbrook-illinois,Uncategorized,Sewers,,Northbrook,Medium,"Title/slug mentions 'sewage' ×2. Location: Northbrook (title, High)",approve,
228,45435-your-guide-to-residential-water-heaters-understanding-the-pros-and-cons-for-naperville-illinois-homes,"Your Guide to Residential Water Heaters: Understanding the Pros and Cons for Naperville, Illinois Homes",published,https://jblantonplumbing.com/knowledge-hub/45435-your-guide-to-residential-water-heaters-understanding-the-pros-and-cons-for-naperville-illinois-homes,residential water heater,Water Heaters,,Naperville,High,"Old WP category 'residential water heater'. Location: Naperville (title, High)",approve,
227,45435-10-things-to-expect-from-professional-plumbing-contractors-in-mchenry-illinois,"10 Things to Expect from Professional Plumbing Contractors in McHenry, Illinois",published,https://jblantonplumbing.com/knowledge-hub/45435-10-things-to-expect-from-professional-plumbing-contractors-in-mchenry-illinois,Uncategorized,Commercial,,McHenry,Low,"Body mentions 'business' ×2 (first 500 words; 3 topic words in all). Location: McHenry (title, High)",approve,
226,45434-the-importance-of-regular-plumbing-maintenance-a-case-study-from-the-north-and-northwest-side-of-chicago,The Importance of Regular Plumbing Maintenance: A Case Study from the North and Northwest Side of Chicago,published,https://jblantonplumbing.com/knowledge-hub/45434-the-importance-of-regular-plumbing-maintenance-a-case-study-from-the-north-and-northwest-side-of-chicago,Uncategorized,Plumbing Tips,,Chicagoland,Medium,"Title/slug mentions 'maintenance' ×2. Location: Chicagoland (title ('Chicago' → region), High)",approve,
225,45434-quick-fix-guide-temporary-leak-repairs-for-your-evanston-home-until-a-professional-arrives,Quick Fix Guide: Temporary Leak Repairs for Your Evanston Home Until a Professional Arrives,published,https://jblantonplumbing.com/knowledge-hub/45434-quick-fix-guide-temporary-leak-repairs-for-your-evanston-home-until-a-professional-arrives,Uncategorized,Plumbing Tips,,Evanston,Low,"Title/slug mentions 'leak' ×2. Locations: Evanston (title, High); Chicagoland (body only, Low)",approve,Removed weak location(s): Chicagoland (body-only or ambiguous) — Marketing decision 2026-09-24
224,45434-essential-guide-to-choosing-the-perfect-kitchen-sink-drain-for-your-hinsdale-home-top-types-and-options,Essential Guide to Choosing the Perfect Kitchen Sink Drain for Your Hinsdale Home: Top Types and Options,published,https://jblantonplumbing.com/knowledge-hub/45434-essential-guide-to-choosing-the-perfect-kitchen-sink-drain-for-your-hinsdale-home-top-types-and-options,kitchen sink drain,Drains,,Hinsdale,Low,"Old WP category 'kitchen sink drain'. Locations: Hinsdale (title, High); Chicagoland (body only, Low)",approve,Removed weak location(s): Chicagoland (body-only or ambiguous) — Marketing decision 2026-09-24
223,45433-how-do-maintaining-your-overhead-sewer-system-for-optimal-performance-in-elgin,How-Do: Maintaining Your Overhead Sewer System for Optimal Performance in Elgin,published,https://jblantonplumbing.com/knowledge-hub/45433-how-do-maintaining-your-overhead-sewer-system-for-optimal-performance-in-elgin,overhead sewer systems,Sewers,,Elgin,High,"Old WP category 'overhead sewer systems'. Location: Elgin (title, High)",approve,
222,45433-routine-maintenance-tips-for-flood-control-systems-in-algonquin-illinois,"Routine Maintenance Tips for Flood Control Systems in Algonquin, Illinois",published,https://jblantonplumbing.com/knowledge-hub/45433-routine-maintenance-tips-for-flood-control-systems-in-algonquin-illinois,Uncategorized,Plumbing Tips,,Algonquin,Medium,"Title/slug mentions 'maintenance' ×2. Location: Algonquin (title, High)",approve,
221,45433-how-to-handle-common-plumbing-emergencies-until-help-arrives-in-arlington-heights,How to Handle Common Plumbing Emergencies Until Help Arrives in Arlington Heights,published,https://jblantonplumbing.com/knowledge-hub/45433-how-to-handle-common-plumbing-emergencies-until-help-arrives-in-arlington-heights,emergency plumbing,Emergency,,Arlington Heights,High,"Old WP category 'emergency plumbing'. Location: Arlington Heights (title, High)",approve,
220,45432-understanding-the-role-of-ejector-pumps-in-basement-plumbing-systems-a-case-study-from-northbrook,Understanding the Role of Ejector Pumps in Basement Plumbing Systems: A Case Study from Northbrook,published,https://jblantonplumbing.com/knowledge-hub/45432-understanding-the-role-of-ejector-pumps-in-basement-plumbing-systems-a-case-study-from-northbrook,ejector pump,Drains,,Northbrook,High,"Old WP category 'ejector pump'. Location: Northbrook (title, High)",approve,
219,45432-did-you-know-the-hidden-dangers-of-diy-bathroom-plumbing-repairs-in-naperville,Did You Know? The Hidden Dangers of DIY Bathroom Plumbing Repairs in Naperville,published,https://jblantonplumbing.com/knowledge-hub/45432-did-you-know-the-hidden-dangers-of-diy-bathroom-plumbing-repairs-in-naperville,bathroom plumbing,Plumbing Tips,,Naperville,High,"Old WP category 'bathroom plumbing'. Location: Naperville (title, High)",approve,
218,45432-top-5-common-causes-of-basement-flooding-and-how-to-prevent-them-in-mchenry,Top 5 Common Causes of Basement Flooding and How to Prevent Them in McHenry,published,https://jblantonplumbing.com/knowledge-hub/45432-top-5-common-causes-of-basement-flooding-and-how-to-prevent-them-in-mchenry,basement flooding,Drains,,McHenry,High,"Old WP category 'basement flooding'. Location: McHenry (title, High)",approve,
217,45429-understanding-the-benefits-of-sewer-camera-inspection-for-homeowners-in-ravenswood,Understanding the Benefits of Sewer Camera Inspection for Homeowners in Ravenswood,published,https://jblantonplumbing.com/knowledge-hub/45429-understanding-the-benefits-of-sewer-camera-inspection-for-homeowners-in-ravenswood,sewer camera inspection,Sewers,,,Low,"Old WP category 'sewer camera inspection'. Location: Chicagoland (body only, Low)",approve,Removed weak location(s): Chicagoland (body-only or ambiguous) — Marketing decision 2026-09-24
216,45429-how-to-performing-diy-hydro-jetting-for-drain-cleaning-in-evanston,How-To: Performing DIY Hydro Jetting for Drain Cleaning in Evanston,published,https://jblantonplumbing.com/knowledge-hub/45429-how-to-performing-diy-hydro-jetting-for-drain-cleaning-in-evanston,hydro jetting,Drains,Sewers,Evanston,High,"Old WP category 'hydro jetting'. Location: Evanston (title, High)",approve,
215,45429-6-signs-and-symptoms-of-gas-line-leaks-a-guide-for-hinsdale-homeowners,6 Signs and Symptoms of Gas Line Leaks: A Guide for Hinsdale Homeowners,published,https://jblantonplumbing.com/knowledge-hub/45429-6-signs-and-symptoms-of-gas-line-leaks-a-guide-for-hinsdale-homeowners,gas line leak detection,Gas Lines,,Hinsdale,High,"Old WP category 'gas line leak detection'. Location: Hinsdale (title, High)",approve,
214,45428-case-study-hiring-a-qualified-professional-for-gas-line-installation-in-elgin,Case Study: Hiring a Qualified Professional for Gas Line Installation in Elgin,published,https://jblantonplumbing.com/knowledge-hub/45428-case-study-hiring-a-qualified-professional-for-gas-line-installation-in-elgin,gas line installation,Gas Lines,,Elgin,High,"Old WP category 'gas line installation'. Location: Elgin (title, High)",approve,
213,45428-diy-garbage-disposal-installation-step-by-step-guide-for-homeowners-in-algonquin,DIY Garbage Disposal Installation: Step-by-Step Guide for Homeowners in Algonquin,published,https://jblantonplumbing.com/knowledge-hub/45428-diy-garbage-disposal-installation-step-by-step-guide-for-homeowners-in-algonquin,Uncategorized,Plumbing Tips,,Algonquin,Medium,"Title/slug mentions 'garbage disposal' ×2. Location: Algonquin (title, High)",approve,
212,45428-top-5-tips-for-choosing-the-right-faucet-for-your-kitchen-or-bathroom-in-arlington-heights,Top 7 Tips for Choosing the Right Faucet for Your Kitchen or Bathroom in Arlington Heights,published,https://jblantonplumbing.com/knowledge-hub/45428-top-5-tips-for-choosing-the-right-faucet-for-your-kitchen-or-bathroom-in-arlington-heights,Uncategorized,Plumbing Tips,,Arlington Heights,Medium,"Title/slug mentions 'faucet' ×2. Location: Arlington Heights (title, High)",approve,
211,45427-top-5-preventive-drain-cleaning-measures-in-northbrook-to-avoid-costly-repairs,Top 5 Preventive Drain Cleaning Measures in Northbrook to Avoid Costly Repairs,published,https://jblantonplumbing.com/knowledge-hub/45427-top-5-preventive-drain-cleaning-measures-in-northbrook-to-avoid-costly-repairs,Uncategorized,Drains,,Northbrook,Medium,"Title/slug mentions 'drain' ×2. Location: Northbrook (title, High)",approve,
210,45427-the-importance-of-catch-basins-in-the-urban-drainage-systems-of-naperville,The Importance of Catch Basins in the Urban Drainage Systems of Naperville,published,https://jblantonplumbing.com/knowledge-hub/45427-the-importance-of-catch-basins-in-the-urban-drainage-systems-of-naperville,Uncategorized,Drains,,Naperville,Medium,"Title/slug mentions 'drainage' ×2. Location: Naperville (title, High)",approve,
209,45427-case-study-troubleshooting-common-issues-with-commercial-water-heaters-in-mchenry,Case Study: Troubleshooting Common Issues with Commercial Water Heaters in McHenry,published,https://jblantonplumbing.com/knowledge-hub/45427-case-study-troubleshooting-common-issues-with-commercial-water-heaters-in-mchenry,commercial water heater,Commercial,Water Heaters,McHenry,High,"Old WP category 'commercial water heater'. Location: McHenry (title, High)",approve,
208,45426-learn-how-to-clear-stubborn-clogged-drains-without-chemicals-on-north-and-northwest-side-of-chicago,Learn How to Clear Stubborn Clogged Drains Without Chemicals on North and Northwest Side of Chicago,published,https://jblantonplumbing.com/knowledge-hub/45426-learn-how-to-clear-stubborn-clogged-drains-without-chemicals-on-north-and-northwest-side-of-chicago,Uncategorized,Drains,,Chicagoland,Medium,"Title/slug mentions 'drains' ×2. Location: Chicagoland (title ('Chicago' → region), High)",approve,
207,45426-innovative-burst-pipe-repair-techniques-in-evanston-embracing-technology-for-efficient-plumbing-solutions,Innovative Burst Pipe Repair Techniques in Evanston: Embracing Technology for Efficient Plumbing Solutions,published,https://jblantonplumbing.com/knowledge-hub/45426-innovative-burst-pipe-repair-techniques-in-evanston-embracing-technology-for-efficient-plumbing-solutions,burst pipe repair,Emergency,,Evanston,High,"Old WP category 'burst pipe repair'. Location: Evanston (title, High)",approve,
206,45426-top-common-mistakes-to-avoid-when-waterproofing-your-basement-in-hinsdale,Top Common Mistakes to Avoid When Waterproofing Your Basement in Hinsdale,published,https://jblantonplumbing.com/knowledge-hub/45426-top-common-mistakes-to-avoid-when-waterproofing-your-basement-in-hinsdale,basement waterproofing,Drains,,Hinsdale,High,"Old WP category 'basement waterproofing'. Location: Hinsdale (title, High)",approve,
205,45425case-study-the-impact-of-timely-sewer-line-repair-on-property-and-health-in-elgin-illinios,"Case Study: The Impact of Timely Sewer Line Repair on Property and Health in Elgin, Illinios",published,https://jblantonplumbing.com/knowledge-hub/45425case-study-the-impact-of-timely-sewer-line-repair-on-property-and-health-in-elgin-illinios,sewer repair,Sewers,,Elgin,High,"Old WP category 'sewer repair'. Location: Elgin (title, High)",approve,
204,45425-the-best-water-filtration-systems-your-guide-to-clean-water-in-algonquin,The Best Water Filtration Systems: Your Guide to Clean Water in Algonquin,published,https://jblantonplumbing.com/knowledge-hub/45425-the-best-water-filtration-systems-your-guide-to-clean-water-in-algonquin,water filtration systems,Water Quality,,Algonquin,High,"Old WP category 'water filtration systems'. Location: Algonquin (title, High)",approve,
203,45425-top-5-new-technologies-in-toilet-design-water-saving-and-comfort-features,Top 5 New Technologies in Toilet Design: Water-Saving and Comfort Features,published,https://jblantonplumbing.com/knowledge-hub/45425-top-5-new-technologies-in-toilet-design-water-saving-and-comfort-features,Uncategorized,Plumbing Tips,,,Low,"Title/slug mentions 'toilet' ×2. Location: Arlington Heights (body only, Low)",approve,Removed weak location(s): Arlington Heights (body-only or ambiguous) — Marketing decision 2026-09-24
202,45422-choosing-the-right-kitchen-faucet-for-your-home-considerations-for-northbrook-homeowners,Choosing the Right Kitchen Faucet for Your Home: Considerations for Northbrook Homeowners,published,https://jblantonplumbing.com/knowledge-hub/45422-choosing-the-right-kitchen-faucet-for-your-home-considerations-for-northbrook-homeowners,kitchen faucet repair and installation,Plumbing Tips,,Northbrook,High,"Old WP category 'kitchen faucet repair and installation'. Location: Northbrook (title, High)",approve,
201,45422-top-5-common-issues-that-affect-flood-control-systems-in-naperville,Top 5 Common Issues That Affect Flood Control Systems in Naperville,published,https://jblantonplumbing.com/knowledge-hub/45422-top-5-common-issues-that-affect-flood-control-systems-in-naperville,Uncategorized,Drains,,Naperville,Low,"Body mentions 'drainage' ×6 (first 500 words; 13 topic words in all). Location: Naperville (title, High)",approve,
200,45422-diy-faucet-installation-step-by-step-guide-for-beginners,DIY Faucet Installation: A Step-by-Step Guide for Beginners,published,https://jblantonplumbing.com/knowledge-hub/45422-diy-faucet-installation-step-by-step-guide-for-beginners,Uncategorized,Plumbing Tips,,,Medium,Title/slug mentions 'faucet' ×2,approve,
199,45421-emergency-response-plan-for-sewage-line-backup-what-to-do,Emergency Response Plan for Sewage Line Backup: What to Do,published,https://jblantonplumbing.com/knowledge-hub/45421-emergency-response-plan-for-sewage-line-backup-what-to-do,Uncategorized,Sewers,Emergency,,Medium,Title/slug mentions 'sewage' ×2,approve,
198,45421-case-study-the-critical-importance-of-hiring-licensed-and-insured-plumbers-in-evanston,Case Study: The Critical Importance of Hiring Licensed and Insured Plumbers in Evanston,published,https://jblantonplumbing.com/knowledge-hub/45421-case-study-the-critical-importance-of-hiring-licensed-and-insured-plumbers-in-evanston,Uncategorized,Plumbing Tips,,Evanston,Low,"Body mentions 'leak' ×2 (first 500 words; 2 topic words in all). Location: Evanston (title, High)",approve,
197,45421-5-common-plumbing-repairs-every-hinsdale-homeowner-should-master,5 Common Plumbing Repairs Every Hinsdale Homeowner Should Master,published,https://jblantonplumbing.com/knowledge-hub/45421-5-common-plumbing-repairs-every-hinsdale-homeowner-should-master,Uncategorized,Plumbing Tips,,Hinsdale,Low,"Body mentions 'faucet' ×4 (first 500 words; 21 topic words in all). Location: Hinsdale (title, High)",approve,
196,45421-exploring-new-trends-in-plumbing-fixture-design-for-elgin-residents,Exploring New Trends in Plumbing Fixture Design for Elgin Residents,published,https://jblantonplumbing.com/knowledge-hub/45421-exploring-new-trends-in-plumbing-fixture-design-for-elgin-residents,Uncategorized,Plumbing Tips,,Elgin,Low,"Body mentions 'faucets' ×2 (first 500 words; 6 topic words in all). Location: Elgin (title, High)",approve,
195,45421-unveiling-the-advantages-of-overhead-sewer-systems-for-algonquin-homeowners,Unveiling the Advantages of Overhead Sewer Systems for Algonquin Homeowners,published,https://jblantonplumbing.com/knowledge-hub/45421-unveiling-the-advantages-of-overhead-sewer-systems-for-algonquin-homeowners,overhead sewer systems,Sewers,,Algonquin,High,"Old WP category 'overhead sewer systems'. Location: Algonquin (title, High)",approve,
194,45421-mastering-leak-repairs-a-comprehensive-guide-for-arlington-heights-homeowners,Mastering Leak Repairs: A Comprehensive Guide for Arlington Heights Homeowners,published,https://jblantonplumbing.com/knowledge-hub/45421-mastering-leak-repairs-a-comprehensive-guide-for-arlington-heights-homeowners,Uncategorized,Plumbing Tips,,Arlington Heights,Medium,"Title/slug mentions 'leak' ×2. Location: Arlington Heights (title, High)",approve,
193,45419-hydro-jetting-explained-a-comprehensive-guide-to-clearing-plumbing-lines,"Understanding Hydro Jetting: A Comprehensive Guide to Clearing Plumbing Lines in Northbrook, Illinois",published,https://jblantonplumbing.com/knowledge-hub/45419-hydro-jetting-explained-a-comprehensive-guide-to-clearing-plumbing-lines,hydro jetting,Drains,Sewers,Northbrook,High,"Old WP category 'hydro jetting'. Location: Northbrook (title, High)",approve,
192,45419-mastering-kitchen-plumbing-expert-guide-to-optimizing-plumbing-for-ease,Mastering Kitchen Plumbing in Naperville - An Expert Guide to Optimizing Plumbing for Ease,published,https://jblantonplumbing.com/knowledge-hub/45419-mastering-kitchen-plumbing-expert-guide-to-optimizing-plumbing-for-ease,kitchen plumbing,Plumbing Tips,,Naperville,High,"Old WP category 'kitchen plumbing'. Location: Naperville (title, High)",approve,
191,45419-emergency-plumbing-essentials-your-guide-to-a-home-safety-plan,"Emergency Plumbing Essentials: Your Guide to a Home Safety Plan in McHenry, Illinois",published,https://jblantonplumbing.com/knowledge-hub/45419-emergency-plumbing-essentials-your-guide-to-a-home-safety-plan,emergency plumbing,Emergency,,McHenry,High,"Old WP category 'emergency plumbing'. Location: McHenry (title, High)",approve,
190,45419-unlocking-efficiency-the-ultimate-guide-to-commercial-water-heater-selection,Unlocking Efficiency in Ravenswood: The Ultimate Guide to Commercial Water Heater Selection,published,https://jblantonplumbing.com/knowledge-hub/45419-unlocking-efficiency-the-ultimate-guide-to-commercial-water-heater-selection,water heater services,Water Heaters,,,High,Old WP category 'water heater services',approve,
189,45419-revolutionizing-bathrooms-the-latest-innovations-in-plumbing-technology,Transforming Evanston Bathrooms: The Newest Advances in Plumbing Technology,published,https://jblantonplumbing.com/knowledge-hub/45419-revolutionizing-bathrooms-the-latest-innovations-in-plumbing-technology,bathroom plumbing,Plumbing Tips,,Evanston,High,"Old WP category 'bathroom plumbing'. Location: Evanston (title, High)",approve,
188,45419-stop-basement-leaks-now-insider-secrets-for-diy-basement-waterproofing-tips-and-tricks-for-homeowners,Halt Basement Leaks Immediately! Insider Secrets for DIY Basement Waterproofing in Hinsdale: Handy Tips and Tricks for Homeowners.,published,https://jblantonplumbing.com/knowledge-hub/45419-stop-basement-leaks-now-insider-secrets-for-diy-basement-waterproofing-tips-and-tricks-for-homeowners,basement waterproofing,Drains,,Hinsdale,High,"Old WP category 'basement waterproofing'. Location: Hinsdale (title, High)",approve,
187,top-5-reasons-why-timely-plumbing-repairs-are-crucial-insights-from-j-blanton-plumbing-in-algonquin,Top 5 Reasons Why Timely Plumbing Repairs Are Crucial: Insights from J Blanton Plumbing in Algonquin,published,https://jblantonplumbing.com/knowledge-hub/top-5-reasons-why-timely-plumbing-repairs-are-crucial-insights-from-j-blanton-plumbing-in-algonquin,emergency plumbing,Emergency,,Algonquin,High,"Old WP category 'emergency plumbing'. Location: Algonquin (title, High)",approve,
186,preparing-your-home-for-plumbing-emergencies-tips-and-checklist,Preparing Your Home for Plumbing Emergencies: Tips and Checklist,published,https://jblantonplumbing.com/knowledge-hub/preparing-your-home-for-plumbing-emergencies-tips-and-checklist,emergency plumbing,Emergency,,,Low,"Old WP category 'emergency plumbing'. Location: Northbrook (body only, Low)",approve,Removed weak location(s): Northbrook (body-only or ambiguous) — Marketing decision 2026-09-24
185,new-technologies-in-drain-cleaning-making-the-process-faster-and-more-effective,New Technologies in Drain Cleaning: Making the Process Faster and More Effective,published,https://jblantonplumbing.com/knowledge-hub/new-technologies-in-drain-cleaning-making-the-process-faster-and-more-effective,Uncategorized,Drains,,,Low,"Title/slug mentions 'drain' ×2. Location: Elgin (body only, Low)",approve,Removed weak location(s): Elgin (body-only or ambiguous) — Marketing decision 2026-09-24
184,case-study-efficient-drain-cleaning-services-by-j-blanton-plumbing-in-arlington-heights,Case Study: Efficient Drain Cleaning Services by J. Blanton Plumbing in Arlington Heights,published,https://jblantonplumbing.com/knowledge-hub/case-study-efficient-drain-cleaning-services-by-j-blanton-plumbing-in-arlington-heights,Uncategorized,Drains,,Arlington Heights,Medium,"Title/slug mentions 'drain' ×2. Location: Arlington Heights (title, High)",approve,
183,case-study-emergency-plumbing-response-by-j-blanton-plumbing-in-hinsdale,Case Study: Emergency Plumbing Response by J. Blanton Plumbing in Hinsdale,published,https://jblantonplumbing.com/knowledge-hub/case-study-emergency-plumbing-response-by-j-blanton-plumbing-in-hinsdale,emergency plumbing,Emergency,,Hinsdale,High,"Old WP category 'emergency plumbing'. Location: Hinsdale (title, High)",approve,
182,how-to-install-a-water-heater-a-step-by-step-guide-from-j-blanton-plumbing-on-chicagos-north-and-northwest-side,How to Install a Water Heater: A Step-by-Step Guide from J. Blanton Plumbing on Chicago's North and Northwest Side,published,https://jblantonplumbing.com/knowledge-hub/how-to-install-a-water-heater-a-step-by-step-guide-from-j-blanton-plumbing-on-chicagos-north-and-northwest-side,water heater installation,Water Heaters,,Chicagoland,High,"Old WP category 'water heater installation'. Location: Chicagoland (title ('Chicago' → region), High)",approve,
181,understanding-emergency-plumbing-simplified-insights-from-j-blanton-plumbing-mchenry,"Understanding Emergency Plumbing: Simplified Insights from J. Blanton Plumbing, McHenry",published,https://jblantonplumbing.com/knowledge-hub/understanding-emergency-plumbing-simplified-insights-from-j-blanton-plumbing-mchenry,emergency plumbing,Emergency,,McHenry,High,"Old WP category 'emergency plumbing'. Location: McHenry (title, High)",approve,
180,5-essential-tips-for-effective-sewer-drain-clearing-in-naperville,5 Essential Tips for Effective Sewer Drain Clearing in Naperville,published,https://jblantonplumbing.com/knowledge-hub/5-essential-tips-for-effective-sewer-drain-clearing-in-naperville,Uncategorized,Sewers,Drains,Naperville,Medium,"Title/slug mentions 'sewer' ×2. Location: Naperville (title, High)",approve,
179,embrace-modern-efficiency-why-north-and-northwest-side-chicago-homes-are-switching-to-tankless-water-heaters,Embrace Modern Efficiency: Why North and Northwest Side Chicago Homes Are Switching to Tankless Water Heaters,published,https://jblantonplumbing.com/knowledge-hub/embrace-modern-efficiency-why-north-and-northwest-side-chicago-homes-are-switching-to-tankless-water-heaters,tankless water heater,Water Heaters,,Chicagoland,High,"Old WP category 'tankless water heater'. Location: Chicagoland (title ('Chicago' → region), High)",approve,
178,chicagoland-water-microplastics-fertility,Protect Your Family: Microplastics and Fertility Concerns in Chicagoland's Water,published,https://jblantonplumbing.com/knowledge-hub/chicagoland-water-microplastics-fertility,Uncategorized,Water Quality,,Chicagoland,Low,"Body mentions 'water testing' ×3 (first 500 words; 5 topic words in all). Location: Chicagoland (title ('Chicago' → region), High)",approve,
177,how-to-temporarily-patch-a-leaky-pipe,How To Temporarily Patch A Leaky Pipe While You Wait For A Professional,published,https://jblantonplumbing.com/knowledge-hub/how-to-temporarily-patch-a-leaky-pipe,Uncategorized,Plumbing Tips,,,Medium,Title/slug mentions 'leaky' ×2,approve,
176,why-is-fireplace-maintenance-important-for-gas-fireplaces,Why is Fireplace Maintenance Important For Gas Fireplaces?,published,https://jblantonplumbing.com/knowledge-hub/why-is-fireplace-maintenance-important-for-gas-fireplaces,Uncategorized,Gas Lines,Plumbing Tips,,Medium,Title/slug mentions 'fireplace' ×2,approve,
175,why-should-i-choose-j-blanton-for-sump-pump-installation-services-in-chicago,Why Should I Choose J. Blanton For Sump Pump Installation Services In Chicago?,published,https://jblantonplumbing.com/knowledge-hub/why-should-i-choose-j-blanton-for-sump-pump-installation-services-in-chicago,Uncategorized,Drains,,Chicagoland,Medium,"Title/slug mentions 'sump pump' ×2. Location: Chicagoland (title ('Chicago' → region), High)",approve,
174,water-heater-expansion-tank-how-does-it-work,Water Heater Expansion Tank: How Does It Work?,published,https://jblantonplumbing.com/knowledge-hub/water-heater-expansion-tank-how-does-it-work,Uncategorized,Water Heaters,,,Medium,Title/slug mentions 'water heater' ×2,approve,
173,can-a-water-softener-cause-low-water-pressure,Can A Water Softener Cause Low Water Pressure?,published,https://jblantonplumbing.com/knowledge-hub/can-a-water-softener-cause-low-water-pressure,Uncategorized,Water Quality,Plumbing Tips,,Medium,Title/slug mentions 'water softener' ×4,approve,
172,water-softener-bypass-valve-leaking-what-to-do,Water Softener Bypass Valve Leaking: What to Do,published,https://jblantonplumbing.com/knowledge-hub/water-softener-bypass-valve-leaking-what-to-do,Uncategorized,Water Quality,Plumbing Tips,,Medium,Title/slug mentions 'water softener' ×4,approve,
171,what-is-the-average-cost-to-replace-a-garbage-disposal,Garbage Disposal Replacement Services | J. Blanton Plumbing - Serving Chicagoland for Over 30 Years,published,https://jblantonplumbing.com/knowledge-hub/what-is-the-average-cost-to-replace-a-garbage-disposal,Uncategorized,Plumbing Tips,,Chicagoland,Medium,"Title/slug mentions 'garbage disposal' ×2. Location: Chicagoland (title ('Chicago' → region), High)",approve,
170,evanston-lead-service-line-replacement-program-2,Evanston Lead Service Line Replacement Program,published,https://jblantonplumbing.com/knowledge-hub/evanston-lead-service-line-replacement-program-2,Uncategorized,Water Quality,,Evanston,Low,"Title/slug mentions 'lead service line' ×2. Locations: Evanston (title, High); Chicagoland (body only, Low)",approve,Removed weak location(s): Chicagoland (body-only or ambiguous) — Marketing decision 2026-09-24
169,mount-prospect-lead-service-line-replacement-program,Mount Prospect Lead Service Line Replacement Program,published,https://jblantonplumbing.com/knowledge-hub/mount-prospect-lead-service-line-replacement-program,Uncategorized,Water Quality,,Mount Prospect,Low,"Title/slug mentions 'lead service line' ×2. Locations: Mount Prospect (title, High); Chicagoland (body only, Low)",approve,Removed weak location(s): Chicagoland (body-only or ambiguous) — Marketing decision 2026-09-24
168,sink-not-draining-but-pipes-clear-causes-fixes,Why Your Sink Isn't Draining (Even With Clear Pipes),published,https://jblantonplumbing.com/knowledge-hub/sink-not-draining-but-pipes-clear-causes-fixes,drain,Drains,,,High,Old WP category 'drain',approve,
167,8-reasons-why-your-shower-is-not-getting-hot,11 Reasons Why Your Shower Is Not Getting Hot,published,https://jblantonplumbing.com/knowledge-hub/8-reasons-why-your-shower-is-not-getting-hot,Uncategorized,Plumbing Tips,,,Medium,Title/slug mentions 'shower' ×2,approve,
166,how-does-a-home-flood-control-system-work,How Does A Home Flood Control System Work?,published,https://jblantonplumbing.com/knowledge-hub/how-does-a-home-flood-control-system-work,Uncategorized,Drains,,,Low,Body mentions 'sump pump' ×2 (first 500 words; 5 topic words in all),approve,
165,are-gas-fireplaces-still-safe,Are Gas Fireplaces Still Safe?,published,https://jblantonplumbing.com/knowledge-hub/are-gas-fireplaces-still-safe,Uncategorized,Gas Lines,,,Medium,Title/slug mentions 'fireplaces' ×2,approve,
164,dealing-with-cracks-in-basement-floor,Dealing With Cracks in Basement Floor,published,https://jblantonplumbing.com/knowledge-hub/dealing-with-cracks-in-basement-floor,Uncategorized,Drains,,,Low,Body mentions 'drainage' ×1 (first 500 words; 2 topic words in all),approve,
163,different-types-of-sewer-systems,Understanding The Different Types of Sewer Systems,published,https://jblantonplumbing.com/knowledge-hub/different-types-of-sewer-systems,Uncategorized,Sewers,,,Low,"Title/slug mentions 'sewer' ×2. Location: Chicagoland (body only, Low)",approve,Removed weak location(s): Chicagoland (body-only or ambiguous) — Marketing decision 2026-09-24
162,reasons-why-your-pool-heater-is-not-turning-on,Reasons Why Your Pool Heater Is Not Turning On (And What You Can Do Next),published,https://jblantonplumbing.com/knowledge-hub/reasons-why-your-pool-heater-is-not-turning-on,Uncategorized,Plumbing Tips,,,Medium,Title/slug mentions 'pool heater' ×2,approve,
161,what-is-a-catch-basin,What Is A Catch Basin and How Does It Work?,published,https://jblantonplumbing.com/knowledge-hub/what-is-a-catch-basin,Uncategorized,Drains,,,Medium,Title/slug mentions 'catch basin' ×2,approve,
160,adjusting-temperature-on-an-electric-water-heater,How to Adjust Temperature on an Electric Water Heater Safely,published,https://jblantonplumbing.com/knowledge-hub/adjusting-temperature-on-an-electric-water-heater,Uncategorized,Water Heaters,,,Medium,Title/slug mentions 'water heater' ×2,approve,
159,cleaning-and-preventing-calcium-buildup-in-toilet,How to Clean and Prevent Calcium Buildup in Toilet,published,https://jblantonplumbing.com/knowledge-hub/cleaning-and-preventing-calcium-buildup-in-toilet,Uncategorized,Plumbing Tips,,,Medium,Title/slug mentions 'toilet' ×2,approve,
158,what-causes-rusty-water-at-home,What Causes Rusty Water At Home,published,https://jblantonplumbing.com/knowledge-hub/what-causes-rusty-water-at-home,Uncategorized,Plumbing Tips,,,Low,Body mentions 'pipes' ×3 (first 500 words; 9 topic words in all),approve,
157,dealing-with-a-slow-draining-toilet,Expert Guide on Dealing With A Slow Draining Toilet,published,https://jblantonplumbing.com/knowledge-hub/dealing-with-a-slow-draining-toilet,Uncategorized,Plumbing Tips,,,Medium,Title/slug mentions 'toilet' ×2,approve,
156,how-to-install-a-sewage-ejector-pump-in-your-basement,Sewage Ejector Pump Installation: A Complete Homeowner Guide,published,https://jblantonplumbing.com/knowledge-hub/how-to-install-a-sewage-ejector-pump-in-your-basement,Uncategorized,Sewers,Drains,,Medium,Title/slug mentions 'sewage' ×2,approve,
155,why-does-my-laundry-room-smell-like-sewage,Why Does My Laundry Room Smell Like Sewage?,published,https://jblantonplumbing.com/knowledge-hub/why-does-my-laundry-room-smell-like-sewage,Uncategorized,Sewers,Plumbing Tips,,Medium,Title/slug mentions 'sewage' ×2,approve,
154,how-to-install-a-garbage-disposal,How to Install a Garbage Disposal: A Step-by-Step Homeowner Guide,published,https://jblantonplumbing.com/knowledge-hub/how-to-install-a-garbage-disposal,Uncategorized,Plumbing Tips,,,Medium,Title/slug mentions 'garbage disposal' ×2,approve,
153,how-deep-are-gas-lines-buried-in-your-home,How Deep Are Gas Lines Buried in Your Home?,published,https://jblantonplumbing.com/knowledge-hub/how-deep-are-gas-lines-buried-in-your-home,Uncategorized,Gas Lines,,,Medium,Title/slug mentions 'gas lines' ×2,approve,
152,how-to-make-a-plumbing-loop-vent,How to Make a Plumbing Loop Vent: A Complete Guide,published,https://jblantonplumbing.com/knowledge-hub/how-to-make-a-plumbing-loop-vent,Uncategorized,Drains,,,Low,Body mentions 'drain' ×5 (first 500 words; 10 topic words in all),approve,
151,how-to-repair-a-broken-sprinkler-pipe,How to Repair a Broken Sprinkler Pipe: A Step-by-Step Guide,published,https://jblantonplumbing.com/knowledge-hub/how-to-repair-a-broken-sprinkler-pipe,Uncategorized,Plumbing Tips,,,Medium,Title/slug mentions 'pipe' ×2,approve,
150,how-to-cut-cast-iron-pipe,How to Cut Cast Iron Pipe Safely and Correctly,published,https://jblantonplumbing.com/knowledge-hub/how-to-cut-cast-iron-pipe,Uncategorized,Plumbing Tips,,,Medium,Title/slug mentions 'cast iron' ×2,approve,
149,how-to-install-a-french-drain,How to Install a French Drain,published,https://jblantonplumbing.com/knowledge-hub/how-to-install-a-french-drain,Uncategorized,Drains,,,Medium,Title/slug mentions 'drain' ×2,approve,
148,how-to-kill-gnats-in-drains,How to Kill Gnats in Drains,published,https://jblantonplumbing.com/knowledge-hub/how-to-kill-gnats-in-drains,drain,Drains,,,High,Old WP category 'drain',approve,
147,how-to-cut-a-pvc-pipe,How to Cut a PVC Pipe,published,https://jblantonplumbing.com/knowledge-hub/how-to-cut-a-pvc-pipe,Uncategorized,Plumbing Tips,,,Medium,Title/slug mentions 'pvc' ×2,approve,
146,what-causes-a-clogged-toilet,What Causes a Clogged Toilet and How to Fix It,published,https://jblantonplumbing.com/knowledge-hub/what-causes-a-clogged-toilet,Uncategorized,Drains,Plumbing Tips,,Medium,Title/slug mentions 'clogged' ×2,approve,
145,how-to-install-a-sink-drain-pipe,How to Install a Sink Drain Pipe: A Step-by-Step Guide for Homeowners,published,https://jblantonplumbing.com/knowledge-hub/how-to-install-a-sink-drain-pipe,Uncategorized,Drains,Plumbing Tips,,Medium,Title/slug mentions 'drain' ×2,approve,
144,how-to-clean-bidet-in-4-easy-steps,"How to Clean a Bidet: A Complete, Easy-to-Follow Guide",published,https://jblantonplumbing.com/knowledge-hub/how-to-clean-bidet-in-4-easy-steps,Uncategorized,Plumbing Tips,,,Low,Body mentions 'toilet' ×3 (first 500 words; 8 topic words in all),approve,
143,how-to-install-pex-tubing-in-concrete-slab,How to Install PEX Tubing in Concrete Slab,published,https://jblantonplumbing.com/knowledge-hub/how-to-install-pex-tubing-in-concrete-slab,Uncategorized,Plumbing Tips,,,Medium,Title/slug mentions 'pex' ×2,approve,
142,how-to-use-a-plumbing-snake-the-right-way,How to Use a Plumbing Snake the Right Way,published,https://jblantonplumbing.com/knowledge-hub/how-to-use-a-plumbing-snake-the-right-way,Uncategorized,Drains,,,Low,Body mentions 'drain' ×12 (first 500 words; 22 topic words in all),approve,
141,what-is-a-clean-out-plug-and-how-does-it-work,Understanding What a Clean Out Plug Is — And Why It Matters,published,https://jblantonplumbing.com/knowledge-hub/what-is-a-clean-out-plug-and-how-does-it-work,sewer maintenance,Sewers,,,High,Old WP category 'sewer maintenance',approve,
140,how-to-clean-shower-drain-clogged-with-hair,How to Clean Shower Drain Clogged with Hair,published,https://jblantonplumbing.com/knowledge-hub/how-to-clean-shower-drain-clogged-with-hair,Uncategorized,Drains,Plumbing Tips,,Low,"Title/slug mentions 'drain' ×2. Location: Cable (body only, ambiguous name, Low)",approve,Removed weak location(s): Cable (body-only or ambiguous) — Marketing decision 2026-09-24
139,how-to-tell-if-you-have-a-water-leak-underground,How to Tell If You Have a Water Leak Underground,published,https://jblantonplumbing.com/knowledge-hub/how-to-tell-if-you-have-a-water-leak-underground,Uncategorized,Plumbing Tips,,,Medium,Title/slug mentions 'leak' ×2,approve,
138,how-to-dig-a-trench-for-drainage-pipe-in-your-yard,How to Dig a Trench for Drainage Pipe in Your Yard,published,https://jblantonplumbing.com/knowledge-hub/how-to-dig-a-trench-for-drainage-pipe-in-your-yard,Uncategorized,Drains,Plumbing Tips,,Medium,Title/slug mentions 'drainage' ×2,approve,
137,how-to-solder-copper-pipe-leak-the-right-way,How to Solder a Copper Pipe Leak the Right Way,published,https://jblantonplumbing.com/knowledge-hub/how-to-solder-copper-pipe-leak-the-right-way,Uncategorized,Plumbing Tips,,,Medium,Title/slug mentions 'leak' ×2,approve,
136,what-is-pvc-pipe,What is a PVC Pipe and What Is It Made Of?,published,https://jblantonplumbing.com/knowledge-hub/what-is-pvc-pipe,Uncategorized,Plumbing Tips,,,Medium,Title/slug mentions 'pvc' ×2,approve,
135,testing-water-pipes-for-leaks,How to Test Water Pipes for Leaks,published,https://jblantonplumbing.com/knowledge-hub/testing-water-pipes-for-leaks,Uncategorized,Plumbing Tips,,,Medium,Title/slug mentions 'leaks' ×2,approve,
134,how-to-install-bathtub-faucet,How to Install a Bathtub Faucet: A Step-by-Step Installation Guide,published,https://jblantonplumbing.com/knowledge-hub/how-to-install-bathtub-faucet,Uncategorized,Plumbing Tips,,,Medium,Title/slug mentions 'faucet' ×2,approve,
133,pvc-vs-abs-pipes,PVC Vs ABS Pipe: What’s the Difference,published,https://jblantonplumbing.com/knowledge-hub/pvc-vs-abs-pipes,Uncategorized,Plumbing Tips,,,Medium,Title/slug mentions 'pvc' ×2,approve,
132,how-to-clean-a-plumbing-vent,How to Clean a Plumbing Vent,published,https://jblantonplumbing.com/knowledge-hub/how-to-clean-a-plumbing-vent,Uncategorized,Drains,,,Low,Body mentions 'clogged' ×4 (first 500 words; 7 topic words in all),approve,
131,what-is-rough-in-plumbing,What is Rough In Plumbing?,published,https://jblantonplumbing.com/knowledge-hub/what-is-rough-in-plumbing,Uncategorized,Plumbing Tips,,,Low,Body mentions 'pipes' ×12 (first 500 words; 17 topic words in all),approve,
130,what-is-pex-plumbing,What is PEX Plumbing?,published,https://jblantonplumbing.com/knowledge-hub/what-is-pex-plumbing,Uncategorized,Plumbing Tips,,,Medium,Title/slug mentions 'pex' ×2,approve,
129,how-to-install-plumbing-for-kitchen-sink,How to Install Plumbing for Kitchen Sink,published,https://jblantonplumbing.com/knowledge-hub/how-to-install-plumbing-for-kitchen-sink,Uncategorized,Plumbing Tips,,,Medium,Title/slug mentions 'kitchen' ×2,approve,
128,5-tips-to-make-sure-your-sump-pump-is-ready-for-summer-storm,5 Tips to Make Sure Your Sump Pump Is Ready for Summer Storm,published,https://jblantonplumbing.com/knowledge-hub/5-tips-to-make-sure-your-sump-pump-is-ready-for-summer-storm,Uncategorized,Drains,,,Low,"Title/slug mentions 'sump pump' ×2. Location: Chicagoland (body only, Low)",approve,Removed weak location(s): Chicagoland (body-only or ambiguous) — Marketing decision 2026-09-24
127,what-to-expect-during-drain-cleaning-service,What to Expect During Drain Cleaning Service,published,https://jblantonplumbing.com/knowledge-hub/what-to-expect-during-drain-cleaning-service,Uncategorized,Drains,,,Low,"Title/slug mentions 'drain' ×2. Location: McHenry (body only, Low)",approve,Removed weak location(s): McHenry (body-only or ambiguous) — Marketing decision 2026-09-24
126,how-do-i-know-if-my-sewer-line-is-clogged,How Do I Know if My Sewer Line is Clogged?,published,https://jblantonplumbing.com/knowledge-hub/how-do-i-know-if-my-sewer-line-is-clogged,Uncategorized,Sewers,Drains,,Medium,Title/slug mentions 'sewer' ×2,approve,
125,7-ways-to-find-hidden-water-leaks-in-your-home,7 Ways to Find Hidden Water Leaks in Your Home,published,https://jblantonplumbing.com/knowledge-hub/7-ways-to-find-hidden-water-leaks-in-your-home,Uncategorized,Plumbing Tips,,,Low,"Title/slug mentions 'leaks' ×2. Location: Chicagoland (body only, Low)",approve,Removed weak location(s): Chicagoland (body-only or ambiguous) — Marketing decision 2026-09-24
124,what-should-i-do-if-i-flushed-something-valuable-down-the-toilet,What Should I do if I Flushed Something Valuable Down the Toilet?,published,https://jblantonplumbing.com/knowledge-hub/what-should-i-do-if-i-flushed-something-valuable-down-the-toilet,Uncategorized,Plumbing Tips,,,Low,"Title/slug mentions 'toilet' ×2. Location: McHenry (body only, Low)",approve,Removed weak location(s): McHenry (body-only or ambiguous) — Marketing decision 2026-09-24
123,importance-of-proper-water-pressure-in-your-home,Importance of Proper Water Pressure In Your Home,published,https://jblantonplumbing.com/knowledge-hub/importance-of-proper-water-pressure-in-your-home,Uncategorized,Plumbing Tips,,,Low,"Title/slug mentions 'water pressure' ×2. Location: Evanston (body only, Low)",approve,Removed weak location(s): Evanston (body-only or ambiguous) — Marketing decision 2026-09-24
122,7-tips-for-preventing-and-thawing-frozen-pipes,7 Tips for Preventing and Thawing Frozen Pipes,published,https://jblantonplumbing.com/knowledge-hub/7-tips-for-preventing-and-thawing-frozen-pipes,Uncategorized,Emergency,Plumbing Tips,,Low,"Title/slug mentions 'frozen pipes' ×2. Location: Chicagoland (body only, Low)",approve,Removed weak location(s): Chicagoland (body-only or ambiguous) — Marketing decision 2026-09-24
121,10-kitchen-plumbing-maintenance-tips,10 Kitchen Plumbing Maintenance Tips,published,https://jblantonplumbing.com/knowledge-hub/10-kitchen-plumbing-maintenance-tips,Uncategorized,Plumbing Tips,,,Low,"Title/slug mentions 'kitchen' ×2. Location: McHenry (body only, Low)",approve,Removed weak location(s): McHenry (body-only or ambiguous) — Marketing decision 2026-09-24
120,why-should-you-invest-in-professional-plumbing-services,Why Should You Invest In Professional Plumbing Services?,published,https://jblantonplumbing.com/knowledge-hub/why-should-you-invest-in-professional-plumbing-services,Uncategorized,Plumbing Tips,,,Low,Body mentions 'toilet' ×3 (first 500 words; 9 topic words in all),approve,
119,5-things-every-homeowner-should-know-about-gas-line-repair,5 Things Every Homeowner Should Know About Gas Line Repair,published,https://jblantonplumbing.com/knowledge-hub/5-things-every-homeowner-should-know-about-gas-line-repair,Uncategorized,Gas Lines,,,Medium,Title/slug mentions 'gas line' ×2,approve,
118,7-things-you-need-to-know-about-kitchen-plumbing,7 Things You Need to Know About Kitchen Plumbing,published,https://jblantonplumbing.com/knowledge-hub/7-things-you-need-to-know-about-kitchen-plumbing,Uncategorized,Plumbing Tips,,,Medium,Title/slug mentions 'kitchen' ×2,approve,
117,5-ways-to-prevent-water-damage-in-your-laundry-room,5 Ways to Prevent Water Damage In Your Laundry Room,published,https://jblantonplumbing.com/knowledge-hub/5-ways-to-prevent-water-damage-in-your-laundry-room,Uncategorized,Plumbing Tips,,,Low,"Title/slug mentions 'laundry' ×2. Location: Evanston (body only, Low)",approve,Removed weak location(s): Evanston (body-only or ambiguous) — Marketing decision 2026-09-24
116,5-signs-you-need-to-call-an-emergency-plumber,5 Signs You Need to Call An Emergency Plumber,published,https://jblantonplumbing.com/knowledge-hub/5-signs-you-need-to-call-an-emergency-plumber,Uncategorized,Emergency,,,Low,"Title/slug mentions 'emergency' ×2. Location: Chicagoland (body only, Low)",approve,Removed weak location(s): Chicagoland (body-only or ambiguous) — Marketing decision 2026-09-24
115,5-main-causes-of-sewer-damage,7 Main Causes of Sewer Damage (Plus Prevention Tips Every Homeowner Should Know),published,https://jblantonplumbing.com/knowledge-hub/5-main-causes-of-sewer-damage,Uncategorized,Sewers,,,Medium,Title/slug mentions 'sewer' ×2,approve,
114,7-risks-do-it-yourself-vs-professional-plumbing-services,7 Risks: Do It Yourself Vs Professional Plumbing Services,published,https://jblantonplumbing.com/knowledge-hub/7-risks-do-it-yourself-vs-professional-plumbing-services,Uncategorized,Plumbing Tips,,,Low,Body mentions 'diy' ×11 (first 500 words; 16 topic words in all),approve,
113,how-to-fix-a-broken-drain-pipe-underground,How to Fix a Broken Drain Pipe Underground,published,https://jblantonplumbing.com/knowledge-hub/how-to-fix-a-broken-drain-pipe-underground,Uncategorized,Drains,Plumbing Tips,,Low,"Title/slug mentions 'drain' ×2. Location: Chicagoland (body only, Low)",approve,Removed weak location(s): Chicagoland (body-only or ambiguous) — Marketing decision 2026-09-24
112,emergency-shutdown-instructions-water-heater,Emergency Shutdown Instructions: Water Heater,published,https://jblantonplumbing.com/knowledge-hub/emergency-shutdown-instructions-water-heater,Uncategorized,Water Heaters,Emergency,,Low,"Title/slug mentions 'water heater' ×2. Location: McHenry (body only, Low)",approve,Removed weak location(s): McHenry (body-only or ambiguous) — Marketing decision 2026-09-24
111,different-types-of-home-sewer-system,5 Different Types of Residential Sewer Systems,published,https://jblantonplumbing.com/knowledge-hub/different-types-of-home-sewer-system,Uncategorized,Sewers,,,Medium,Title/slug mentions 'sewer' ×2,approve,
110,how-to-hire-the-best-plumber-near-me,How to Hire the Best Plumber Near Me,published,https://jblantonplumbing.com/knowledge-hub/how-to-hire-the-best-plumber-near-me,Uncategorized,,,Chicagoland,Low,"No signal. Location: Chicagoland (body only, Low)",,
109,10-questions-to-ask-before-installing-a-new-hot-water-heater,10 Questions to Ask Before Installing a New Hot Water Heater,published,https://jblantonplumbing.com/knowledge-hub/10-questions-to-ask-before-installing-a-new-hot-water-heater,Uncategorized,Water Heaters,,,Low,"Title/slug mentions 'water heater' ×2. Location: McHenry (body only, Low)",approve,Removed weak location(s): McHenry (body-only or ambiguous) — Marketing decision 2026-09-24
108,tankless-water-heater-not-working-or-heating,Tankless Water Heater Not Working or Heating,published,https://jblantonplumbing.com/knowledge-hub/tankless-water-heater-not-working-or-heating,Uncategorized,Water Heaters,,,Low,"Title/slug mentions 'water heater' ×2. Location: Evanston (body only, Low)",approve,Removed weak location(s): Evanston (body-only or ambiguous) — Marketing decision 2026-09-24
107,pros-and-cons-of-electric-water-heaters,Pros and Cons of Electric Water Heaters,published,https://jblantonplumbing.com/knowledge-hub/pros-and-cons-of-electric-water-heaters,Uncategorized,Water Heaters,,,Medium,Title/slug mentions 'water heaters' ×2,approve,
106,how-to-unclog-a-garbage-disposal-system-in-6-easy-steps,How to Unclog a Garbage Disposal System in 6 Easy Steps,published,https://jblantonplumbing.com/knowledge-hub/how-to-unclog-a-garbage-disposal-system-in-6-easy-steps,Uncategorized,Plumbing Tips,,,Medium,Title/slug mentions 'garbage disposal' ×2,approve,
105,8-things-to-consider-before-replacing-a-sewer-line,8 Things to Consider Before Replacing a Sewer Line,published,https://jblantonplumbing.com/knowledge-hub/8-things-to-consider-before-replacing-a-sewer-line,Uncategorized,Sewers,,,Low,"Title/slug mentions 'sewer' ×2. Location: Evanston (body only, Low)",approve,Removed weak location(s): Evanston (body-only or ambiguous) — Marketing decision 2026-09-24
104,what-to-consider-before-water-heater-repair-and-installation,What to Consider before Water Heater Repair and Installation,published,https://jblantonplumbing.com/knowledge-hub/what-to-consider-before-water-heater-repair-and-installation,Uncategorized,Water Heaters,,,Low,"Title/slug mentions 'water heater' ×2. Location: Chicagoland (body only, Low)",approve,Removed weak location(s): Chicagoland (body-only or ambiguous) — Marketing decision 2026-09-24
103,the-importance-of-sewer-repair-and-cleaning,The Importance of Sewer Repair and Cleaning,published,https://jblantonplumbing.com/knowledge-hub/the-importance-of-sewer-repair-and-cleaning,Uncategorized,Sewers,,,Low,"Title/slug mentions 'sewer' ×2. Location: Evanston (body only, Low)",approve,Removed weak location(s): Evanston (body-only or ambiguous) — Marketing decision 2026-09-24
102,when-to-call-a-plumber-for-drain-cleaning,When To Call A Plumber For Drain Cleaning,published,https://jblantonplumbing.com/knowledge-hub/when-to-call-a-plumber-for-drain-cleaning,Uncategorized,Drains,,,Low,"Title/slug mentions 'drain' ×2. Location: McHenry (body only, Low)",approve,Removed weak location(s): McHenry (body-only or ambiguous) — Marketing decision 2026-09-24
101,bad-shower-habits-that-ruin-your-plumbing,Bad Shower Habits That Ruin Your Plumbing,published,https://jblantonplumbing.com/knowledge-hub/bad-shower-habits-that-ruin-your-plumbing,Uncategorized,Plumbing Tips,,,Low,"Title/slug mentions 'shower' ×2. Locations: McHenry (body only, Low); Chicagoland (body only, Low)",approve,Removed weak location(s): McHenry; Chicagoland (body-only or ambiguous) — Marketing decision 2026-09-24
100,how-to-protect-your-plumbing-from-tree-roots,How to Protect Your Plumbing from Tree Roots,published,https://jblantonplumbing.com/knowledge-hub/how-to-protect-your-plumbing-from-tree-roots,Uncategorized,Plumbing Tips,,,Low,"Body mentions 'pipes' ×4 (first 500 words; 8 topic words in all). Location: McHenry (body only, Low)",approve,Removed weak location(s): McHenry (body-only or ambiguous) — Marketing decision 2026-09-24
99,plumbing-hacks-fix-draining-problems-like-a-boss,Plumbing Hacks: Fix Draining Problems Like a Boss!,published,https://jblantonplumbing.com/knowledge-hub/plumbing-hacks-fix-draining-problems-like-a-boss,Uncategorized,Plumbing Tips,,,Low,"Body mentions 'toilet' ×9 (first 500 words; 15 topic words in all). Location: Evanston (body only, Low)",approve,Removed weak location(s): Evanston (body-only or ambiguous) — Marketing decision 2026-09-24
98,signs-its-time-to-get-your-sewer-lines-professionally-inspected,Signs It's Time To Get Your Sewer Lines Professionally Inspected,published,https://jblantonplumbing.com/knowledge-hub/signs-its-time-to-get-your-sewer-lines-professionally-inspected,Uncategorized,Sewers,,,Low,"Title/slug mentions 'sewer' ×2. Location: McHenry (body only, Low)",approve,Removed weak location(s): McHenry (body-only or ambiguous) — Marketing decision 2026-09-24
97,8-basic-sewer-maintenance-tips,Sewer System Maintenance: Practical Tips to Protect Your Home,published,https://jblantonplumbing.com/knowledge-hub/8-basic-sewer-maintenance-tips,Uncategorized,Sewers,Plumbing Tips,,Medium,Title/slug mentions 'sewer' ×2,approve,
96,tips-for-choosing-the-right-plumber,Tips for choosing the right plumber,published,https://jblantonplumbing.com/knowledge-hub/tips-for-choosing-the-right-plumber,Uncategorized,,,Chicagoland,Low,"No signal. Location: Chicagoland (body only, Low)",,
95,guide-to-proper-garbage-disposal-care,Guide to Proper Garbage Disposal Care,published,https://jblantonplumbing.com/knowledge-hub/guide-to-proper-garbage-disposal-care,Uncategorized,Plumbing Tips,,,Low,"Title/slug mentions 'garbage disposal' ×2. Location: McHenry (body only, Low)",approve,Removed weak location(s): McHenry (body-only or ambiguous) — Marketing decision 2026-09-24
94,how-to-detect-and-prevent-tree-roots-in-your-sewer-line,How to Detect and Prevent Tree Roots in Your Sewer Line,published,https://jblantonplumbing.com/knowledge-hub/how-to-detect-and-prevent-tree-roots-in-your-sewer-line,Uncategorized,Sewers,,,Low,"Title/slug mentions 'sewer' ×2. Location: Evanston (body only, Low)",approve,Removed weak location(s): Evanston (body-only or ambiguous) — Marketing decision 2026-09-24
93,everything-you-need-to-know-about-backflow-prevention,Everything You Need to Know About Backflow Prevention,published,https://jblantonplumbing.com/knowledge-hub/everything-you-need-to-know-about-backflow-prevention,Uncategorized,Plumbing Tips,,,Low,"Body mentions 'bathroom' ×1 (first 500 words; 2 topic words in all). Location: Chicagoland (body only, Low)",approve,Removed weak location(s): Chicagoland (body-only or ambiguous) — Marketing decision 2026-09-24
92,the-importance-of-water-heater-maintenance,THE IMPORTANCE OF WATER HEATER MAINTENANCE,published,https://jblantonplumbing.com/knowledge-hub/the-importance-of-water-heater-maintenance,Uncategorized,Water Heaters,Plumbing Tips,,Low,"Title/slug mentions 'water heater' ×2. Location: McHenry (body only, Low)",approve,Removed weak location(s): McHenry (body-only or ambiguous) — Marketing decision 2026-09-24
91,is-your-main-sewer-line-blocked,Is Your Main Sewer Line Blocked?,published,https://jblantonplumbing.com/knowledge-hub/is-your-main-sewer-line-blocked,Uncategorized,Sewers,,,Low,"Title/slug mentions 'sewer' ×2. Location: Evanston (body only, Low)",approve,Removed weak location(s): Evanston (body-only or ambiguous) — Marketing decision 2026-09-24
90,what-to-expect-from-your-local-plumbing-company,What to Expect from Your Local Plumbing Company,published,https://jblantonplumbing.com/knowledge-hub/what-to-expect-from-your-local-plumbing-company,Uncategorized,,,Chicagoland,Low,"No signal. Location: Chicagoland (body only, Low)",,
89,why-does-my-shower-drain-smell,"Why Does My Shower Drain Smell? Causes, Risks, and Practical Solutions",published,https://jblantonplumbing.com/knowledge-hub/why-does-my-shower-drain-smell,Uncategorized,Drains,Plumbing Tips,,Medium,Title/slug mentions 'drain' ×2,approve,
88,dont-skip-these-important-maintenance-tasks-for-tankless-water-heaters,Don't Skip These Important Maintenance Tasks for Tankless Water Heaters,published,https://jblantonplumbing.com/knowledge-hub/dont-skip-these-important-maintenance-tasks-for-tankless-water-heaters,Uncategorized,Water Heaters,Plumbing Tips,,Low,"Title/slug mentions 'water heaters' ×2. Location: Evanston (body only, Low)",approve,Removed weak location(s): Evanston (body-only or ambiguous) — Marketing decision 2026-09-24
87,how-to-avoid-hair-clogs-in-your-drain,How to Avoid Hair Clogs in Your Drain,published,https://jblantonplumbing.com/knowledge-hub/how-to-avoid-hair-clogs-in-your-drain,Uncategorized,Drains,,,Low,"Title/slug mentions 'drain' ×2. Location: Chicagoland (body only, Low)",approve,Removed weak location(s): Chicagoland (body-only or ambiguous) — Marketing decision 2026-09-24
86,signs-your-water-heater-is-about-to-fail,Signs Your Water Heater Is About to Fail,published,https://jblantonplumbing.com/knowledge-hub/signs-your-water-heater-is-about-to-fail,Uncategorized,Water Heaters,,,Medium,Title/slug mentions 'water heater' ×2,approve,
85,why-you-should-always-use-professional-drain-cleaning-services,Why You Should Always Use Professional Drain Cleaning Services,published,https://jblantonplumbing.com/knowledge-hub/why-you-should-always-use-professional-drain-cleaning-services,Uncategorized,Drains,,,Low,"Title/slug mentions 'drain' ×2. Location: McHenry (body only, Low)",approve,Removed weak location(s): McHenry (body-only or ambiguous) — Marketing decision 2026-09-24
84,how-often-should-i-have-my-drains-cleaned,How Often Should I Have My Drains Cleaned,published,https://jblantonplumbing.com/knowledge-hub/how-often-should-i-have-my-drains-cleaned,Uncategorized,Drains,,,Low,"Title/slug mentions 'drains' ×2. Location: Chicagoland (body only, Low)",approve,Removed weak location(s): Chicagoland (body-only or ambiguous) — Marketing decision 2026-09-24
83,common-types-of-water-heater-repair,Common Types of Water Heater Repair,published,https://jblantonplumbing.com/knowledge-hub/common-types-of-water-heater-repair,Uncategorized,Water Heaters,,,Low,"Title/slug mentions 'water heater' ×2. Location: Chicagoland (body only, Low)",approve,Removed weak location(s): Chicagoland (body-only or ambiguous) — Marketing decision 2026-09-24
82,tankless-water-heater-maintenance-tips,Tankless Water Heater Maintenance Tips for Long-Lasting Performance,published,https://jblantonplumbing.com/knowledge-hub/tankless-water-heater-maintenance-tips,Uncategorized,Water Heaters,Plumbing Tips,,Medium,Title/slug mentions 'water heater' ×2,approve,
81,common-repairs-for-a-gas-or-electric-water-heater,Common Repairs for a Gas or Electric Water Heater,published,https://jblantonplumbing.com/knowledge-hub/common-repairs-for-a-gas-or-electric-water-heater,Uncategorized,Water Heaters,,,Low,"Title/slug mentions 'water heater' ×2. Location: Chicagoland (body only, Low)",approve,Removed weak location(s): Chicagoland (body-only or ambiguous) — Marketing decision 2026-09-24
80,common-causes-of-clogged-drains,Common Causes Of Clogged Drains,published,https://jblantonplumbing.com/knowledge-hub/common-causes-of-clogged-drains,Uncategorized,Drains,,,Low,"Title/slug mentions 'drains' ×2. Location: McHenry (body only, Low)",approve,Removed weak location(s): McHenry (body-only or ambiguous) — Marketing decision 2026-09-24
79,top-7-sewer-line-replacement-tips,Top 7 Sewer Line Replacement Tips,published,https://jblantonplumbing.com/knowledge-hub/top-7-sewer-line-replacement-tips,Uncategorized,Sewers,,,Medium,Title/slug mentions 'sewer' ×2,approve,
78,handy-plumbing-tips-and-tricks-from-professional-plumbers,Handy Plumbing Tips and Tricks From Professional Plumbers,published,https://jblantonplumbing.com/knowledge-hub/handy-plumbing-tips-and-tricks-from-professional-plumbers,Uncategorized,Plumbing Tips,,,Low,"Title/slug mentions 'plumbing tips' ×2. Location: Chicagoland (body only, Low)",approve,Removed weak location(s): Chicagoland (body-only or ambiguous) — Marketing decision 2026-09-24
77,why-you-shouldnt-attempt-doing-your-own-drain-cleaning-or-plumbing-repair,Why You Shouldn't Attempt Doing Your Own Drain Cleaning or Plumbing Repair,published,https://jblantonplumbing.com/knowledge-hub/why-you-shouldnt-attempt-doing-your-own-drain-cleaning-or-plumbing-repair,Uncategorized,Drains,,,Low,"Title/slug mentions 'drain' ×2. Location: McHenry (body only, Low)",approve,Removed weak location(s): McHenry (body-only or ambiguous) — Marketing decision 2026-09-24
76,5-water-heater-failure-signs-you-should-never-ignore,5 Water Heater Failure Signs You Should Never Ignore,published,https://jblantonplumbing.com/knowledge-hub/5-water-heater-failure-signs-you-should-never-ignore,Uncategorized,Water Heaters,,,Low,"Title/slug mentions 'water heater' ×2. Location: Chicagoland (body only, Low)",approve,Removed weak location(s): Chicagoland (body-only or ambiguous) — Marketing decision 2026-09-24
75,reasons-to-get-a-tankless-water-heater-installed,Reasons To Get A Tankless Water Heater Installed,published,https://jblantonplumbing.com/knowledge-hub/reasons-to-get-a-tankless-water-heater-installed,Uncategorized,Water Heaters,,,Medium,Title/slug mentions 'water heater' ×2,approve,
74,9-helpful-tips-for-tankless-water-heater-cleaning-and-maintenance,9 Helpful Tips for Tankless Water Heater Cleaning and Maintenance,published,https://jblantonplumbing.com/knowledge-hub/9-helpful-tips-for-tankless-water-heater-cleaning-and-maintenance,Uncategorized,Water Heaters,Plumbing Tips,,Low,"Title/slug mentions 'water heater' ×2. Location: Evanston (body only, Low)",approve,Removed weak location(s): Evanston (body-only or ambiguous) — Marketing decision 2026-09-24
73,telltale-signs-your-sewer-lines-are-damaged,Telltale Signs Your Sewer Lines Are Damaged,published,https://jblantonplumbing.com/knowledge-hub/telltale-signs-your-sewer-lines-are-damaged,Uncategorized,Sewers,,,Medium,Title/slug mentions 'sewer' ×2,approve,
72,ask-a-plumber-what-are-the-most-common-symptoms-of-a-clogged-drain,Ask a Plumber: What are the Most Common Symptoms of a Clogged Drain?,published,https://jblantonplumbing.com/knowledge-hub/ask-a-plumber-what-are-the-most-common-symptoms-of-a-clogged-drain,Uncategorized,Drains,,,Medium,Title/slug mentions 'drain' ×2,approve,
71,the-benefits-of-tankless-water-heaters,The Benefits of Tankless Water Heaters,published,https://jblantonplumbing.com/knowledge-hub/the-benefits-of-tankless-water-heaters,Uncategorized,Water Heaters,,,Low,"Title/slug mentions 'water heaters' ×2. Location: Evanston (body only, Low)",approve,Removed weak location(s): Evanston (body-only or ambiguous) — Marketing decision 2026-09-24
70,the-importance-of-sewer-line-repair,The Importance Of Sewer Line Repair,published,https://jblantonplumbing.com/knowledge-hub/the-importance-of-sewer-line-repair,Uncategorized,Sewers,,,Medium,Title/slug mentions 'sewer' ×2,approve,
69,why-isnt-my-water-heating-up,Why Isn't My Water Heating Up?,published,https://jblantonplumbing.com/knowledge-hub/why-isnt-my-water-heating-up,Uncategorized,Water Heaters,,,Low,"Body mentions 'hot water' ×15 (first 500 words; 26 topic words in all). Location: McHenry (body only, Low)",approve,Removed weak location(s): McHenry (body-only or ambiguous) — Marketing decision 2026-09-24
68,8-drain-cleaning-tips-for-this-fall,8 Drain Cleaning Tips For This Fall,published,https://jblantonplumbing.com/knowledge-hub/8-drain-cleaning-tips-for-this-fall,Uncategorized,Drains,,,Low,"Title/slug mentions 'drain' ×2. Location: Evanston (body only, Low)",approve,Removed weak location(s): Evanston (body-only or ambiguous) — Marketing decision 2026-09-24
67,7-signs-of-main-sewer-line-problems,7 Signs of Main Sewer Line Problems,published,https://jblantonplumbing.com/knowledge-hub/7-signs-of-main-sewer-line-problems,Uncategorized,Sewers,,,Medium,Title/slug mentions 'sewer' ×2,approve,
66,things-to-think-over-when-upgrading-from-tank-to-tankless-water-heaters,Things to Think Over When Upgrading from Tank to Tankless Water Heaters,published,https://jblantonplumbing.com/knowledge-hub/things-to-think-over-when-upgrading-from-tank-to-tankless-water-heaters,Uncategorized,Water Heaters,,,Low,"Title/slug mentions 'water heaters' ×2. Location: McHenry (body only, Low)",approve,Removed weak location(s): McHenry (body-only or ambiguous) — Marketing decision 2026-09-24
65,the-importance-of-sewer-pipe-repair,The Importance Of Sewer Pipe Repair,published,https://jblantonplumbing.com/knowledge-hub/the-importance-of-sewer-pipe-repair,Uncategorized,Sewers,Plumbing Tips,,Medium,Title/slug mentions 'sewer' ×2,approve,
64,what-to-do-when-you-have-warning-signs-of-a-damaged-sewer-line,What to Do When You Have Warning Signs of a Damaged Sewer Line,published,https://jblantonplumbing.com/knowledge-hub/what-to-do-when-you-have-warning-signs-of-a-damaged-sewer-line,Uncategorized,Sewers,,,Low,"Title/slug mentions 'sewer' ×2. Location: Chicagoland (body only, Low)",approve,Removed weak location(s): Chicagoland (body-only or ambiguous) — Marketing decision 2026-09-24
63,the-nine-worst-things-to-put-down-your-disposal,The Nine Worst Things to Put Down Your Disposal,published,https://jblantonplumbing.com/knowledge-hub/the-nine-worst-things-to-put-down-your-disposal,Uncategorized,Plumbing Tips,,,Low,Body mentions 'garbage disposal' ×14 (first 500 words; 19 topic words in all),approve,
62,why-you-should-avoid-a-diy-sewer-line-repair,Why You Should Avoid a DIY Sewer Line Repair,published,https://jblantonplumbing.com/knowledge-hub/why-you-should-avoid-a-diy-sewer-line-repair,Uncategorized,Sewers,Plumbing Tips,,Medium,Title/slug mentions 'sewer' ×2,approve,
61,why-is-your-sewer-line-backing-up-so-frequently,Why Is Your Sewer Line Backing Up So Frequently?,published,https://jblantonplumbing.com/knowledge-hub/why-is-your-sewer-line-backing-up-so-frequently,Uncategorized,Sewers,,,Medium,Title/slug mentions 'sewer' ×2,approve,
60,how-do-i-know-if-my-tankless-water-heater-needs-to-be-repaired,How Do I Know If My Tankless Water Heater Needs To Be Repaired,published,https://jblantonplumbing.com/knowledge-hub/how-do-i-know-if-my-tankless-water-heater-needs-to-be-repaired,Uncategorized,Water Heaters,,,Medium,Title/slug mentions 'water heater' ×2,approve,
59,common-signs-you-need-drain-cleaning,Common Signs You Need Drain Cleaning,published,https://jblantonplumbing.com/knowledge-hub/common-signs-you-need-drain-cleaning,Uncategorized,Drains,,,Medium,Title/slug mentions 'drain' ×2,approve,
58,all-about-detecting-a-damaged-sewer-line,All About Detecting a Damaged Sewer Line,published,https://jblantonplumbing.com/knowledge-hub/all-about-detecting-a-damaged-sewer-line,Uncategorized,Sewers,,,Low,"Title/slug mentions 'sewer' ×2. Location: Chicagoland (body only, Low)",approve,Removed weak location(s): Chicagoland (body-only or ambiguous) — Marketing decision 2026-09-24
57,tankless-water-heater-buying-guide-how-to,Tankless Water Heater Buying Guide - How-to,published,https://jblantonplumbing.com/knowledge-hub/tankless-water-heater-buying-guide-how-to,Uncategorized,Water Heaters,,,Low,"Title/slug mentions 'water heater' ×2. Location: McHenry (body only, Low)",approve,Removed weak location(s): McHenry (body-only or ambiguous) — Marketing decision 2026-09-24
56,sewer-rodding-vs-hydrojetting-whats-best-for-your-home,Sewer Rodding Vs. Hydrojetting - What’s Best for Your Home,published,https://jblantonplumbing.com/knowledge-hub/sewer-rodding-vs-hydrojetting-whats-best-for-your-home,Uncategorized,Sewers,Drains,,Low,"Title/slug mentions 'sewer' ×2. Location: Evanston (body only, Low)",approve,Removed weak location(s): Evanston (body-only or ambiguous) — Marketing decision 2026-09-24
55,what-to-expect-while-hiring-a-professional-drain-cleaning-expert,What to Expect While Hiring a Professional Drain Cleaning Expert,published,https://jblantonplumbing.com/knowledge-hub/what-to-expect-while-hiring-a-professional-drain-cleaning-expert,Uncategorized,Drains,,,Low,"Title/slug mentions 'drain' ×2. Location: Evanston (body only, Low)",approve,Removed weak location(s): Evanston (body-only or ambiguous) — Marketing decision 2026-09-24
54,all-about-the-different-types-of-tankless-water-heaters,All About the Different Types of Tankless Water Heaters,published,https://jblantonplumbing.com/knowledge-hub/all-about-the-different-types-of-tankless-water-heaters,Uncategorized,Water Heaters,,,Low,"Title/slug mentions 'water heaters' ×2. Location: McHenry (body only, Low)",approve,Removed weak location(s): McHenry (body-only or ambiguous) — Marketing decision 2026-09-24
53,what-is-sewer-rodding-and-how-does-it-help-you,What Is Sewer Rodding and How Does It Help You?,published,https://jblantonplumbing.com/knowledge-hub/what-is-sewer-rodding-and-how-does-it-help-you,sewer maintenance,Sewers,,,Low,"Old WP category 'sewer maintenance'. Location: Chicagoland (body only, Low)",approve,Removed weak location(s): Chicagoland (body-only or ambiguous) — Marketing decision 2026-09-24
52,9-obvious-signs-your-sewer-line-needs-repair,9 Obvious Signs Your Sewer Line Needs Repair,published,https://jblantonplumbing.com/knowledge-hub/9-obvious-signs-your-sewer-line-needs-repair,Uncategorized,Sewers,,,Low,"Title/slug mentions 'sewer' ×2. Location: Evanston (body only, Low)",approve,Removed weak location(s): Evanston (body-only or ambiguous) — Marketing decision 2026-09-24
51,clogs-diy-efforts-and-the-drain-cleaning-techniques-plumbing-professionals-swear-by,"Clogs, DIY Efforts, and the Drain Cleaning Techniques Plumbing Professionals Swear By",published,https://jblantonplumbing.com/knowledge-hub/clogs-diy-efforts-and-the-drain-cleaning-techniques-plumbing-professionals-swear-by,Uncategorized,Drains,Plumbing Tips,,Low,"Title/slug mentions 'drain' ×2. Location: McHenry (body only, Low)",approve,Removed weak location(s): McHenry (body-only or ambiguous) — Marketing decision 2026-09-24
50,how-to-tackle-a-plumbing-emergency,How to Tackle a Plumbing Emergency,published,https://jblantonplumbing.com/knowledge-hub/how-to-tackle-a-plumbing-emergency,Uncategorized,Emergency,,,Low,"Title/slug mentions 'emergency' ×2. Location: Chicagoland (body only, Low)",approve,Removed weak location(s): Chicagoland (body-only or ambiguous) — Marketing decision 2026-09-24
49,our-favorite-fictional-bathrooms,Our Favorite Fictional Bathrooms,published,https://jblantonplumbing.com/knowledge-hub/our-favorite-fictional-bathrooms,Uncategorized,Plumbing Tips,,,Low,"Title/slug mentions 'bathrooms' ×2. Location: Chicagoland (body only, Low)",approve,Removed weak location(s): Chicagoland (body-only or ambiguous) — Marketing decision 2026-09-24
48,how-should-i-maintain-my-homes-radiators,How Should I Maintain My Home's Radiators?,published,https://jblantonplumbing.com/knowledge-hub/how-should-i-maintain-my-homes-radiators,Uncategorized,Water Heaters,,,Low,"Body mentions 'hot water' ×5 (first 500 words; 8 topic words in all). Location: Chicagoland (body only, Low)",approve,Removed weak location(s): Chicagoland (body-only or ambiguous) — Marketing decision 2026-09-24
47,do-i-need-a-pressure-reducing-valve,Do I Need a Pressure Reducing Valve?,published,https://jblantonplumbing.com/knowledge-hub/do-i-need-a-pressure-reducing-valve,Uncategorized,Plumbing Tips,,,Low,Body mentions 'water pressure' ×11 (first 500 words; 24 topic words in all),approve,
46,plumbing-tips-pet-owners,Plumbing Tips For Pet Owners,published,https://jblantonplumbing.com/knowledge-hub/plumbing-tips-pet-owners,Uncategorized,Plumbing Tips,,,Medium,Title/slug mentions 'plumbing tips' ×2,approve,
45,reasons-for-air-conditioning-blower-motor-trouble,Air Conditioning Blower Motor Trouble,published,https://jblantonplumbing.com/knowledge-hub/reasons-for-air-conditioning-blower-motor-trouble,Uncategorized,Plumbing Tips,,,Low,Body mentions 'maintenance' ×2 (first 500 words; 2 topic words in all),approve,
44,should-you-opt-for-a-smart-shower,Should You Opt for a Smart Shower?,published,https://jblantonplumbing.com/knowledge-hub/should-you-opt-for-a-smart-shower,Uncategorized,Plumbing Tips,,,Medium,Title/slug mentions 'shower' ×2,approve,
43,angies-list-plumbing-investigation,"Unlicensed Plumbers On Angie’s List, Investigated",published,https://jblantonplumbing.com/knowledge-hub/angies-list-plumbing-investigation,Uncategorized,Commercial,,,Low,"Body mentions 'business' ×2 (first 500 words; 2 topic words in all). Location: Chicagoland (body only, Low)",approve,Removed weak location(s): Chicagoland (body-only or ambiguous) — Marketing decision 2026-09-24
42,how-to-recycle-your-old-bathroom-products,How to Recycle Your Old Bathroom Products,published,https://jblantonplumbing.com/knowledge-hub/how-to-recycle-your-old-bathroom-products,Uncategorized,Plumbing Tips,,,Low,"Title/slug mentions 'bathroom' ×2. Location: Chicagoland (body only, Low)",approve,Removed weak location(s): Chicagoland (body-only or ambiguous) — Marketing decision 2026-09-24
41,5-easy-steps-to-winterize-your-plumbing,Winterization Tips,published,https://jblantonplumbing.com/knowledge-hub/5-easy-steps-to-winterize-your-plumbing,Uncategorized,Plumbing Tips,,,Low,"Body mentions 'pipes' ×11 (first 500 words; 14 topic words in all). Location: Chicagoland (body only, Low)",approve,Removed weak location(s): Chicagoland (body-only or ambiguous) — Marketing decision 2026-09-24
40,4-signs-you-have-a-hidden-water-leak,Do You Have A Hidden Leak?,published,https://jblantonplumbing.com/knowledge-hub/4-signs-you-have-a-hidden-water-leak,Uncategorized,Plumbing Tips,,,Low,"Title/slug mentions 'leak' ×2. Location: Chicagoland (body only, Low)",approve,Removed weak location(s): Chicagoland (body-only or ambiguous) — Marketing decision 2026-09-24
39,what-causes-pipes-to-burst,What Causes Pipes to Burst?,published,https://jblantonplumbing.com/knowledge-hub/what-causes-pipes-to-burst,Uncategorized,Plumbing Tips,,,Low,"Title/slug mentions 'pipes' ×2. Location: Chicagoland (body only, Low)",approve,Removed weak location(s): Chicagoland (body-only or ambiguous) — Marketing decision 2026-09-24
38,the-low-down-on-bidets,The Low-Down on Bidets,published,https://jblantonplumbing.com/knowledge-hub/the-low-down-on-bidets,Uncategorized,Plumbing Tips,,,Low,Body mentions 'toilet' ×8 (first 500 words; 17 topic words in all),approve,
37,how-to-conduct-a-home-water-audit,How to Conduct a Home Water Audit,published,https://jblantonplumbing.com/knowledge-hub/how-to-conduct-a-home-water-audit,Uncategorized,Plumbing Tips,,,Low,Body mentions 'toilet' ×2 (first 500 words; 6 topic words in all),approve,
36,eight-things-you-should-never-flush-down-your-toilet,Eight Things You Should Never Flush Down Your Toilet,published,https://jblantonplumbing.com/knowledge-hub/eight-things-you-should-never-flush-down-your-toilet,Uncategorized,Plumbing Tips,,,Medium,Title/slug mentions 'toilet' ×2,approve,
35,water-looks-strange-heres-what-might-be-to-blame,Water Looks Strange? Here's What Might Be to Blame,published,https://jblantonplumbing.com/knowledge-hub/water-looks-strange-heres-what-might-be-to-blame,Uncategorized,Plumbing Tips,,,Low,"Body mentions 'pipes' ×5 (first 500 words; 11 topic words in all). Location: Chicagoland (body only, Low)",approve,Removed weak location(s): Chicagoland (body-only or ambiguous) — Marketing decision 2026-09-24
34,roots-in-sewer-line,Roots in Your Sewer Line,published,https://jblantonplumbing.com/knowledge-hub/roots-in-sewer-line,Uncategorized,Sewers,,,Low,"Title/slug mentions 'sewer' ×2. Location: Chicagoland (body only, Low)",approve,Removed weak location(s): Chicagoland (body-only or ambiguous) — Marketing decision 2026-09-24
33,brown-water-from-tap,Troubleshooting Brown Water From Tap,published,https://jblantonplumbing.com/knowledge-hub/brown-water-from-tap,Uncategorized,Water Heaters,,,Low,Body mentions 'water heater' ×4 (first 500 words; 5 topic words in all),approve,
32,what-is-a-fatberg,What Is a Fatberg? The Hidden Plumbing Problem Lurking in Your Pipes,published,https://jblantonplumbing.com/knowledge-hub/what-is-a-fatberg,Uncategorized,Plumbing Tips,,,Medium,Title/slug mentions 'pipes',approve,
31,where-is-my-main-shut-off-valve,Where Is My Main Shut-Off Valve?,published,https://jblantonplumbing.com/knowledge-hub/where-is-my-main-shut-off-valve,Uncategorized,Plumbing Tips,,,Low,Body mentions 'toilets' ×1 (first 500 words; 3 topic words in all),approve,
30,5-easy-ways-to-refresh-your-shower,7 Easy and Effective Ways to Refresh Your Shower,published,https://jblantonplumbing.com/knowledge-hub/5-easy-ways-to-refresh-your-shower,Uncategorized,Plumbing Tips,,,Medium,Title/slug mentions 'shower' ×2,approve,
29,keep-high-water-table-out-of-your-basement,Keep Water Out Of Your Basement,published,https://jblantonplumbing.com/knowledge-hub/keep-high-water-table-out-of-your-basement,Uncategorized,Drains,,,Low,"Body mentions 'drain' ×3 (first 500 words; 13 topic words in all). Location: Chicagoland (body only, Low)",approve,Removed weak location(s): Chicagoland (body-only or ambiguous) — Marketing decision 2026-09-24
28,5-signs-of-high-water-pressure,5 Signs of Damagingly High Water Pressure,published,https://jblantonplumbing.com/knowledge-hub/5-signs-of-high-water-pressure,Uncategorized,Plumbing Tips,,,Medium,Title/slug mentions 'water pressure' ×2,approve,
27,pedestal-sink-vs-vanity-which-is-right-for-you,Pedestal Sink Vs. Vanity: Which Is Right for You?,published,https://jblantonplumbing.com/knowledge-hub/pedestal-sink-vs-vanity-which-is-right-for-you,Uncategorized,Plumbing Tips,,,Low,"Body mentions 'bathroom' ×7 (first 500 words; 9 topic words in all). Location: Chicagoland (body only, Low)",approve,Removed weak location(s): Chicagoland (body-only or ambiguous) — Marketing decision 2026-09-24
26,why-you-need-a-plumber-to-install-new-gas-appliances,Gas Appliance Installation,published,https://jblantonplumbing.com/knowledge-hub/why-you-need-a-plumber-to-install-new-gas-appliances,Uncategorized,Gas Lines,,,Medium,Title/slug mentions 'gas appliance',approve,
25,5-things-you-should-know-about-sewer-rodding,All About Sewer Rodding,published,https://jblantonplumbing.com/knowledge-hub/5-things-you-should-know-about-sewer-rodding,Uncategorized,Sewers,,,Medium,Title/slug mentions 'sewer' ×2,approve,
24,why-does-my-toilet-sweat-and-how-can-i-stop-it,"Why Does My Toilet Sweat, and How Can I Stop It?",published,https://jblantonplumbing.com/knowledge-hub/why-does-my-toilet-sweat-and-how-can-i-stop-it,Uncategorized,Plumbing Tips,,,Low,"Title/slug mentions 'toilet' ×2. Location: Chicagoland (body only, Low)",approve,Removed weak location(s): Chicagoland (body-only or ambiguous) — Marketing decision 2026-09-24
23,5-different-ways-to-clean-your-garbage-disposal,5 Different Ways to Clean Your Garbage Disposal,published,https://jblantonplumbing.com/knowledge-hub/5-different-ways-to-clean-your-garbage-disposal,Uncategorized,Plumbing Tips,,,Low,"Title/slug mentions 'garbage disposal' ×2. Location: Chicagoland (body only, Low)",approve,Removed weak location(s): Chicagoland (body-only or ambiguous) — Marketing decision 2026-09-24
22,how-to-determine-the-cause-of-that-unusually-high-water-bill,How to Determine the Cause of that Unusually High Water Bill,published,https://jblantonplumbing.com/knowledge-hub/how-to-determine-the-cause-of-that-unusually-high-water-bill,Uncategorized,Plumbing Tips,,,Low,"Body mentions 'faucets' ×3 (first 500 words; 15 topic words in all). Location: Chicagoland (body only, Low)",approve,Removed weak location(s): Chicagoland (body-only or ambiguous) — Marketing decision 2026-09-24
21,signs-of-sewer-pipe-damage,6 Signs You Have Leak Due to Sewer Pipe Damage,published,https://jblantonplumbing.com/knowledge-hub/signs-of-sewer-pipe-damage,Uncategorized,Plumbing Tips,Sewers,,Medium,Title/slug mentions 'pipe' ×2,approve,
20,how-to-find-and-use-your-shutoff-valve,How to Find and Use Your Shutoff Valve,published,https://jblantonplumbing.com/knowledge-hub/how-to-find-and-use-your-shutoff-valve,Uncategorized,Plumbing Tips,,,Low,"Body mentions 'maintenance' ×1 (first 500 words; 4 topic words in all). Location: Chicagoland (body only, Low)",approve,Removed weak location(s): Chicagoland (body-only or ambiguous) — Marketing decision 2026-09-24
19,the-age-of-your-toilet-how-old-is-too-old,The Age of Your Toilet - How Old is TOO Old?,published,https://jblantonplumbing.com/knowledge-hub/the-age-of-your-toilet-how-old-is-too-old,Uncategorized,Plumbing Tips,,,Medium,Title/slug mentions 'toilet' ×2,approve,
18,get-to-know-the-parts-of-your-plunger,Get to Know the Parts of a Plunger (And How to Use One Correctly),published,https://jblantonplumbing.com/knowledge-hub/get-to-know-the-parts-of-your-plunger,Uncategorized,Drains,,,Low,Body mentions 'clog' ×4 (first 500 words; 11 topic words in all),approve,
17,where-did-those-pink-stains-in-your-bathroom-come-from,Where Do Pink Water Stains in Your Bathroom Come From?,published,https://jblantonplumbing.com/knowledge-hub/where-did-those-pink-stains-in-your-bathroom-come-from,plumbing,Plumbing Tips,,,High,Old WP category 'plumbing',approve,
16,how-to-recycle-your-old-plumbing-items,How to Recycle Your Old Plumbing Items,published,https://jblantonplumbing.com/knowledge-hub/how-to-recycle-your-old-plumbing-items,Uncategorized,Plumbing Tips,,,Low,"Body mentions 'pipes' ×4 (first 500 words; 12 topic words in all). Location: Chicagoland (body only, Low)",approve,Removed weak location(s): Chicagoland (body-only or ambiguous) — Marketing decision 2026-09-24
15,let-faucets-drip-freezing-temperatures,Helpful Tips for Preventing Frozen Pipes in Chicago,published,https://jblantonplumbing.com/knowledge-hub/let-faucets-drip-freezing-temperatures,Uncategorized,Plumbing Tips,Emergency,Chicagoland,Medium,"Title/slug mentions 'faucets'. Location: Chicagoland (title ('Chicago' → region), High)",approve,
14,toilet-wax-ring-replacement,Toilet Wax Ring Replacement,published,https://jblantonplumbing.com/knowledge-hub/toilet-wax-ring-replacement,Uncategorized,Plumbing Tips,,,Medium,Title/slug mentions 'toilet' ×2,approve,
13,remodel-your-plumbing,Remodel Your Plumbing,published,https://jblantonplumbing.com/knowledge-hub/remodel-your-plumbing,Uncategorized,Plumbing Tips,,,Low,Body mentions 'bathrooms' ×2 (first 500 words; 4 topic words in all),approve,
12,7-advantages-of-water-softener,7 Advantages of Water Softener,published,https://jblantonplumbing.com/knowledge-hub/7-advantages-of-water-softener,Uncategorized,Water Quality,,,Medium,Title/slug mentions 'water softener' ×4,approve,
11,4-headaches-you-can-avoid-with-plumbing-maintenance,4 Headaches You Can Avoid With Plumbing Maintenance,published,https://jblantonplumbing.com/knowledge-hub/4-headaches-you-can-avoid-with-plumbing-maintenance,Uncategorized,Plumbing Tips,,,Medium,Title/slug mentions 'maintenance' ×2,approve,
10,is-your-water-pressure-too-high-to-for-your-plumbing-to-handle,Is Your Water Pressure Too High to for Your Plumbing to Handle?,published,https://jblantonplumbing.com/knowledge-hub/is-your-water-pressure-too-high-to-for-your-plumbing-to-handle,Uncategorized,Plumbing Tips,,,Medium,Title/slug mentions 'water pressure' ×2,approve,
9,prevent-piping-problems,Prevent Piping Problems,published,https://jblantonplumbing.com/knowledge-hub/prevent-piping-problems,Uncategorized,Plumbing Tips,,,Low,"Body mentions 'pipes' ×7 (first 500 words; 9 topic words in all). Location: Chicagoland (body only, Low)",approve,Removed weak location(s): Chicagoland (body-only or ambiguous) — Marketing decision 2026-09-24
8,avoid-holiday-plumbing-disasters,Avoid Holiday Plumbing Disasters,published,https://jblantonplumbing.com/knowledge-hub/avoid-holiday-plumbing-disasters,Uncategorized,Drains,,,Low,"Body mentions 'drain' ×6 (first 500 words; 12 topic words in all). Location: Chicagoland (body only, Low)",approve,Removed weak location(s): Chicagoland (body-only or ambiguous) — Marketing decision 2026-09-24
7,contractor-checklist,Contractor Checklist,published,https://jblantonplumbing.com/knowledge-hub/contractor-checklist,Uncategorized,,,Chicagoland,Low,"No signal. Location: Chicagoland (body only, Low)",,
6,cleaning-up-after-a-sewer-backup,Cleaning Up After A Sewer Backup,published,https://jblantonplumbing.com/knowledge-hub/cleaning-up-after-a-sewer-backup,Uncategorized,Sewers,,,Medium,Title/slug mentions 'sewer' ×2,approve,
5,leak-prevention,Leak Prevention,published,https://jblantonplumbing.com/knowledge-hub/leak-prevention,Uncategorized,Plumbing Tips,,,Low,"Title/slug mentions 'leak' ×2. Location: Chicagoland (body only, Low)",approve,Removed weak location(s): Chicagoland (body-only or ambiguous) — Marketing decision 2026-09-24
4,7-crucial-safety-tips-for-diy-plumbers,7 Crucial Safety Tips for DIY Plumbers,published,https://jblantonplumbing.com/knowledge-hub/7-crucial-safety-tips-for-diy-plumbers,Uncategorized,Plumbing Tips,,,Medium,Title/slug mentions 'diy' ×2,approve,
3,how-proactive-plumbing-can-save-you-money,How Proactive Plumbing Can Save You Money,published,https://jblantonplumbing.com/knowledge-hub/how-proactive-plumbing-can-save-you-money,Uncategorized,Plumbing Tips,,,Low,"Body mentions 'faucet' ×1 (first 500 words; 5 topic words in all). Location: Chicagoland (body only, Low)",approve,Removed weak location(s): Chicagoland (body-only or ambiguous) — Marketing decision 2026-09-24
2,five-signs-your-water-heater-is-about-to-fail,Five Signs Your Water Heater is About to Fail,published,https://jblantonplumbing.com/knowledge-hub/five-signs-your-water-heater-is-about-to-fail,Uncategorized,Water Heaters,,,Low,"Title/slug mentions 'water heater' ×2. Location: Chicagoland (body only, Low)",approve,Removed weak location(s): Chicagoland (body-only or ambiguous) — Marketing decision 2026-09-24
